"recording_id","recording_title","recording_alternate_titles","recording_artist_credit","recording_artist_ids","isrc","duration_iso8601","duration_ms","release_id","release_title","release_artist_credit","upc","release_date","release_status","track_number","record_label","musicbrainz_release_id","reference_urls"
"https://aliktarraf.com/#catalog-trk-0046","SWINGS","[""SWINGS (EMO Version)""]","Alik Tarraf","[""https://aliktarraf.com/#alik-tarraf""]","QZZ792534259","PT4M57.48S","297480","https://aliktarraf.com/#catalog-sng-001-digital-release","SWINGS","Alik Tarraf","199326055495","2025-08-20","Published","1","TARRAF PRODUCTIONS","","[""https://music.apple.com/ua/album/swings-emo-version/1835065423?i=1835065424""]"
"https://aliktarraf.com/#catalog-trk-0047","13 YEARS","[""13 YEARS (feat. Marina Tarraf)""]","Alik Tarraf (feat. Marina Tarraf)","[""https://aliktarraf.com/#alik-tarraf""]","QZZ792534485","PT3M39.24S","219240","https://aliktarraf.com/#catalog-sng-002-digital-release","13 YEARS","Alik Tarraf (feat. Marina Tarraf)","199743998511","2025-08-21","Published","1","TARRAF PRODUCTIONS","","[""https://music.apple.com/ua/album/13-years-feat-marina-tarraf/1835058894?i=1835058895""]"
"https://aliktarraf.com/#catalog-trk-0048","El balón siempre volará","[]","Alik Tarraf","[""https://aliktarraf.com/#alik-tarraf""]","QZZ792534415","PT3M23.12S","203120","https://aliktarraf.com/#catalog-sng-003-digital-release","El balón siempre volará","Alik Tarraf","199078124739","2025-08-21","Published","1","TARRAF PRODUCTIONS","","[""https://music.apple.com/ua/album/el-bal%C3%B3n-siempre-volar%C3%A1/1835058949?i=1835058950""]"
"https://aliktarraf.com/#catalog-trk-0049","VVERH VNIZ","[]","Alik Tarraf (feat. Marina Tarraf)","[""https://aliktarraf.com/#alik-tarraf""]","QZZ792534453","PT4M47.24S","287240","https://aliktarraf.com/#catalog-sng-004-digital-release","VVERH VNIZ","Alik Tarraf (feat. Marina Tarraf)","199744998510","2025-08-21","Published","1","TARRAF PRODUCTIONS","","[]"
"https://aliktarraf.com/#catalog-trk-0050","БЕЗЛЮДНАЯ ДОРОГА","[""Non Name Road (Безлюдная дорога)""]","Alik Tarraf","[""https://aliktarraf.com/#alik-tarraf""]","QZZ792534449","PT3M58.64S","238640","https://aliktarraf.com/#catalog-sng-005-digital-release","БЕЗЛЮДНАЯ ДОРОГА","Alik Tarraf","199747028191","2025-08-21","Published","1","TARRAF PRODUCTIONS","","[""https://music.apple.com/ua/album/non-name-road-%D0%B1%D0%B5%D0%B7%D0%BB%D1%8E%D0%B4%D0%BD%D0%B0%D1%8F-%D0%B4%D0%BE%D1%80%D0%BE%D0%B3%D0%B0/1835056478?i=1835056479""]"
"https://aliktarraf.com/#catalog-trk-0051","ДОБРО И ЗЛО","[""Good Evil (Добро и Зло)""]","Alik Tarraf","[""https://aliktarraf.com/#alik-tarraf""]","QZZ792534489","PT3M17.64S","197640","https://aliktarraf.com/#catalog-sng-006-digital-release","ДОБРО И ЗЛО","Alik Tarraf","199743991291","2025-08-21","Published","1","TARRAF PRODUCTIONS","","[""https://music.apple.com/ua/album/good-evil-%D0%B4%D0%BE%D0%B1%D1%80%D0%BE-%D0%B8-%D0%B7%D0%BB%D0%BE/1835059053?i=1835059054""]"
"https://aliktarraf.com/#catalog-trk-0052","Мяч Бифдяч","[""FIFA (Мяч)""]","Alik Tarraf","[""https://aliktarraf.com/#alik-tarraf""]","QZZ792534432","PT3M39.76S","219760","https://aliktarraf.com/#catalog-sng-007-digital-release","Мяч Бифдяч","Alik Tarraf","199078117762","2025-08-21","Published","1","TARRAF PRODUCTIONS","","[""https://music.apple.com/ua/album/fifa-%D0%BC%D1%8F%D1%87/1835056471?i=1835056472""]"
"https://aliktarraf.com/#catalog-trk-0053","НАДОЕЛО","[""Nadoelo (Надоело)""]","Alik Tarraf","[""https://aliktarraf.com/#alik-tarraf""]","QZZ792534538","PT3M44.12S","224120","https://aliktarraf.com/#catalog-sng-008-digital-release","НАДОЕЛО","Alik Tarraf","199732985959","2025-08-21","Published","1","TARRAF PRODUCTIONS","","[""https://music.apple.com/ua/album/nadoelo-%D0%BD%D0%B0%D0%B4%D0%BE%D0%B5%D0%BB%D0%BE/1835066120?i=1835066121""]"
"https://aliktarraf.com/#catalog-trk-0054","Назар","[""Nazar""]","Alik Tarraf","[""https://aliktarraf.com/#alik-tarraf""]","QZZ792534404","PT4M48.08S","288080","https://aliktarraf.com/#catalog-sng-009-digital-release","Назар","Alik Tarraf","199078238818","2025-08-21","Published","1","TARRAF PRODUCTIONS","","[""https://music.apple.com/ua/album/nazar/1835132429?i=1835132430""]"
"https://aliktarraf.com/#catalog-trk-0055","РОДИТЕЛИ ВО МНЕ","[""Family (Родители во мне)""]","Alik Tarraf","[""https://aliktarraf.com/#alik-tarraf""]","QZZ792534493","PT4M33.8S","273800","https://aliktarraf.com/#catalog-sng-010-digital-release","РОДИТЕЛИ ВО МНЕ","Alik Tarraf","199741999381","2025-08-21","Published","1","TARRAF PRODUCTIONS","","[""https://music.apple.com/ua/album/family-%D1%80%D0%BE%D0%B4%D0%B8%D1%82%D0%B5%D0%BB%D0%B8-%D0%B2%D0%BE-%D0%BC%D0%BD%D0%B5/1835058952?i=1835058953""]"
"https://aliktarraf.com/#catalog-trk-0056","ЦЕ НАШ ВАЙБ","[""UA (Це наш вайб)""]","Alik Tarraf","[""https://aliktarraf.com/#alik-tarraf""]","QZZ792534435","PT3M44.68S","224680","https://aliktarraf.com/#catalog-sng-011-digital-release","ЦЕ НАШ ВАЙБ","Alik Tarraf","199078107558","2025-08-21","Published","1","TARRAF PRODUCTIONS","","[""https://music.apple.com/ua/album/ua-%D1%86%D0%B5-%D0%BD%D0%B0%D1%88-%D0%B2%D0%B0%D0%B9%D0%B1/1835066026?i=1835066027""]"
"https://aliktarraf.com/#catalog-trk-0057","Alik","[]","Alik Tarraf","[""https://aliktarraf.com/#alik-tarraf""]","QZZ792534567","PT5M","300000","https://aliktarraf.com/#catalog-sng-012-digital-release","Alik","Alik Tarraf","199732966156","2025-08-22","Published","1","TARRAF PRODUCTIONS","","[]"
"https://aliktarraf.com/#catalog-trk-0058","Boginya","[""Boginya (feat. Marina Tarraf)""]","Alik Tarraf (feat. Marina Tarraf)","[""https://aliktarraf.com/#alik-tarraf""]","QZZ792549661","PT4M20.04S","260040","https://aliktarraf.com/#catalog-sng-013-digital-release","Boginya","Alik Tarraf (feat. Marina Tarraf)","199732870927","2025-08-22","Published","1","TARRAF PRODUCTIONS","","[""https://music.apple.com/ua/album/boginya-feat-marina-tarraf/1835161345?i=1835161346""]"
"https://aliktarraf.com/#catalog-trk-0059","OH MAMMA MIA","[]","Alik Tarraf (feat. Marina Tarraf)","[""https://aliktarraf.com/#alik-tarraf""]","QZZ792541089","PT4M4.32S","244320","https://aliktarraf.com/#catalog-sng-014-digital-release","OH MAMMA MIA","Alik Tarraf (feat. Marina Tarraf)","199732907180","2025-08-22","Published","1","TARRAF PRODUCTIONS","","[]"
"https://aliktarraf.com/#catalog-trk-0060","PROSTO","[]","Marina Tarraf","[""https://aliktarraf.com/#marina-tarraf""]","QZZ792534916","PT7M37.56S","457560","https://aliktarraf.com/#catalog-sng-015-digital-release","PROSTO","Marina Tarraf","199732931703","2025-08-22","Published","1","TARRAF PRODUCTIONS","","[""https://music.apple.com/ua/album/prosto/1835133497?i=1835133498""]"
"https://aliktarraf.com/#catalog-trk-0061","Up and Down","[""Up and Down (feat. Marina Tarraf)""]","Alik Tarraf (feat. Marina Tarraf)","[""https://aliktarraf.com/#alik-tarraf""]","QZZ792573561","PT4M30S","270000","https://aliktarraf.com/#catalog-sng-016-digital-release","Up and Down","Alik Tarraf (feat. Marina Tarraf)","199732768187","2025-08-22","Published","1","TARRAF PRODUCTIONS","","[""https://music.apple.com/ua/album/up-and-down-feat-marina-tarraf/1835159747?i=1835159748""]"
"https://aliktarraf.com/#catalog-trk-0062","Vyshel Alik Pogulyat","[]","Marina Tarraf","[""https://aliktarraf.com/#marina-tarraf""]","QZZ792546205","PT3M57.6S","237600","https://aliktarraf.com/#catalog-sng-017-digital-release","Vyshel Alik Pogulyat","Marina Tarraf","199732887307","2025-08-22","Published","1","TARRAF PRODUCTIONS","","[""https://music.apple.com/ua/album/vyshel-alik-pogulyat/1835091315?i=1835091316""]"
"https://aliktarraf.com/#catalog-trk-0063","ВОСТОЧНАЯ МАРИНА ((VIP MIX))","[""ВОСТОЧНАЯ МАРИНА (VIP MIX)""]","Alik Tarraf","[""https://aliktarraf.com/#alik-tarraf""]","QZZ792549391","PT4M31.52S","271520","https://aliktarraf.com/#catalog-sng-018-digital-release","ВОСТОЧНАЯ МАРИНА ((VIP MIX))","Alik Tarraf","199732883934","2025-08-22","Published","1","TARRAF PRODUCTIONS","","[""https://music.apple.com/ua/album/%D0%B2%D0%BE%D1%81%D1%82%D0%BE%D1%87%D0%BD%D0%B0%D1%8F-%D0%BC%D0%B0%D1%80%D0%B8%D0%BD%D0%B0-vip-mix/1835101489?i=1835101490""]"
"https://aliktarraf.com/#catalog-trk-0064","ВРЕМЯ","[""TIME (Время)""]","Alik Tarraf","[""https://aliktarraf.com/#alik-tarraf""]","QZZ792534564","PT3M43.88S","223880","https://aliktarraf.com/#catalog-sng-019-digital-release","ВРЕМЯ","Alik Tarraf","199732970443","2025-08-22","Published","1","TARRAF PRODUCTIONS","","[""https://music.apple.com/ua/album/time-%D0%B2%D1%80%D0%B5%D0%BC%D1%8F/1835132831?i=1835132832""]"
"https://aliktarraf.com/#catalog-trk-0065","Затмила Мы","[]","Alik Tarraf","[""https://aliktarraf.com/#alik-tarraf""]","QZZ792557117","PT3M8.6S","188600","https://aliktarraf.com/#catalog-sng-020-digital-release","Затмила Мы","Alik Tarraf","199732840197","2025-08-22","Published","1","TARRAF PRODUCTIONS","","[""https://music.apple.com/ua/album/%D0%B7%D0%B0%D1%82%D0%BC%D0%B8%D0%BB%D0%B0-%D0%BC%D1%8B/1835112854?i=1835112855""]"
"https://aliktarraf.com/#catalog-trk-0066","Зачем Зачем","[]","Alik Tarraf","[""https://aliktarraf.com/#alik-tarraf""]","QZZ792559514","PT5M21.84S","321840","https://aliktarraf.com/#catalog-sng-021-digital-release","Зачем Зачем","Alik Tarraf","199732834349","2025-08-22","Published","1","TARRAF PRODUCTIONS","","[""https://music.apple.com/ua/album/%D0%B7%D0%B0%D1%87%D0%B5%D0%BC-%D0%B7%D0%B0%D1%87%D0%B5%D0%BC/1835121198?i=1835121199""]"
"https://aliktarraf.com/#catalog-trk-0067","Качели (REMIX)","[]","Alik Tarraf","[""https://aliktarraf.com/#alik-tarraf""]","QZZ792578839","PT3M55.52S","235520","https://aliktarraf.com/#catalog-sng-022-digital-release","Качели (REMIX)","Alik Tarraf","199732754234","2025-08-22","Published","1","TARRAF PRODUCTIONS","","[""https://music.apple.com/ua/album/%D0%BA%D0%B0%D1%87%D0%B5%D0%BB%D0%B8-remix/1835170700?i=1835171001""]"
"https://aliktarraf.com/#catalog-trk-0068","Мы","[""We (Мы)""]","Alik Tarraf","[""https://aliktarraf.com/#alik-tarraf""]","QZZ792549429","PT4M44.96S","284960","https://aliktarraf.com/#catalog-sng-023-digital-release","Мы","Alik Tarraf","199732876912","2025-08-22","Published","1","TARRAF PRODUCTIONS","","[""https://music.apple.com/ua/album/we-%D0%BC%D1%8B/1835161145?i=1835161146""]"
"https://aliktarraf.com/#catalog-trk-0069","Ну Нина","[""Nina (Ну Нина)""]","Alik Tarraf","[""https://aliktarraf.com/#alik-tarraf""]","QZZ792546059","PT2M16.64S","136640","https://aliktarraf.com/#catalog-sng-024-digital-release","Ну Нина","Alik Tarraf","199732891014","2025-08-22","Published","1","TARRAF PRODUCTIONS","","[""https://music.apple.com/ua/album/nina-%D0%BD%D1%83-%D0%BD%D0%B8%D0%BD%D0%B0/1835099016?i=1835099017""]"
"https://aliktarraf.com/#catalog-trk-0070","СЛОЖНО","[""X (СЛОЖНО)""]","Alik Tarraf","[""https://aliktarraf.com/#alik-tarraf""]","QZZ792534569","PT5M31.96S","331960","https://aliktarraf.com/#catalog-sng-025-digital-release","СЛОЖНО","Alik Tarraf","199732962493","2025-08-22","Published","1","TARRAF PRODUCTIONS","","[""https://music.apple.com/ua/album/x-%D1%81%D0%BB%D0%BE%D0%B6%D0%BD%D0%BE/1835056703?i=1835056704""]"
"https://aliktarraf.com/#catalog-trk-0071","Ты Я Не Мы","[]","Alik Tarraf","[""https://aliktarraf.com/#alik-tarraf""]","QZZ792568528","PT4M44.6S","284600","https://aliktarraf.com/#catalog-sng-026-digital-release","Ты Я Не Мы","Alik Tarraf","199732794551","2025-08-22","Published","1","TARRAF PRODUCTIONS","","[""https://music.apple.com/ua/album/%D1%82%D1%8B-%D1%8F-%D0%BD%D0%B5-%D0%BC%D1%8B/1835205676?i=1835205677""]"
"https://aliktarraf.com/#catalog-trk-0072","ملاكي و شيطاني","[""ملاكي وشيطاني""]","Alik Tarraf","[""https://aliktarraf.com/#alik-tarraf""]","QZZ792576554","PT4M43.563S","283563","https://aliktarraf.com/#catalog-sng-027-digital-release","ملاكي و شيطاني","Alik Tarraf","199732756191","2025-08-22","Published","1","TARRAF PRODUCTIONS","","[""https://music.apple.com/ua/album/%D9%85%D9%84%D8%A7%D9%83%D9%8A-%D9%88%D8%B4%D9%8A%D8%B7%D8%A7%D9%86%D9%8A/1835165975?i=1835165976""]"
"https://aliktarraf.com/#catalog-trk-0073","PROSTO [Remix]","[""PROSTO (feat. Marina Tarraf) [Remix]""]","Alik Tarraf (feat. Marina Tarraf)","[""https://aliktarraf.com/#alik-tarraf""]","QZZ7K2583227","PT3M13S","193000","https://aliktarraf.com/#catalog-sng-028-digital-release","PROSTO [Remix]","Alik Tarraf (feat. Marina Tarraf)","199732478543","2025-08-23","Published","1","TARRAF PRODUCTIONS","","[""https://music.apple.com/ua/album/prosto-feat-marina-tarraf-remix/1835629438?i=1835629440""]"
"https://aliktarraf.com/#catalog-trk-0074","TARRAF STORY","[]","Alik Tarraf","[""https://aliktarraf.com/#alik-tarraf""]","QZZ7K2531050","PT4M","240000","https://aliktarraf.com/#catalog-sng-029-digital-release","TARRAF STORY","Alik Tarraf","199732477690","2025-08-23","Published","1","TARRAF PRODUCTIONS","","[""https://music.apple.com/ua/album/tarraf-story/1835378964?i=1835378965""]"
"https://aliktarraf.com/#catalog-trk-0075","CHOOSE YOU","[]","Alik Tarraf","[""https://aliktarraf.com/#alik-tarraf""]","QZZ7K2539567","PT2M52.36S","172360","https://aliktarraf.com/#catalog-sng-030-digital-release","CHOOSE YOU","Alik Tarraf","199732435249","2025-08-24","Published","1","TARRAF PRODUCTIONS","","[""https://music.apple.com/ua/album/choose-you/1835344971?i=1835344972""]"
"https://aliktarraf.com/#catalog-trk-0076","NOISY SILENCE","[]","Alik Tarraf","[""https://aliktarraf.com/#alik-tarraf""]","QZZ7K2569335","PT5M55.84S","355840","https://aliktarraf.com/#catalog-sng-031-digital-release","NOISY SILENCE","Alik Tarraf","199732298424","2025-08-24","Published","1","TARRAF PRODUCTIONS","","[""https://music.apple.com/ua/album/noisy-silence/1835438195?i=1835438196""]"
"https://aliktarraf.com/#catalog-trk-0077","ШУМНАЯ ТИШИНА","[""Silence (ШУМНАЯ ТИШИНА)""]","Alik Tarraf","[""https://aliktarraf.com/#alik-tarraf""]","QZZ7K2560887","PT5M8.04S","308040","https://aliktarraf.com/#catalog-sng-032-digital-release","ШУМНАЯ ТИШИНА","Alik Tarraf","199732340871","2025-08-24","Published","1","TARRAF PRODUCTIONS","","[""https://music.apple.com/ua/album/silence-%D1%88%D1%83%D0%BC%D0%BD%D0%B0%D1%8F-%D1%82%D0%B8%D1%88%D0%B8%D0%BD%D0%B0/1835394770?i=1835394892""]"
"https://aliktarraf.com/#catalog-trk-0078","EAGLES NOT CROWS","[]","Alik Tarraf","[""https://aliktarraf.com/#alik-tarraf""]","QZZ7L2526027","PT5M38.96S","338960","https://aliktarraf.com/#catalog-sng-033-digital-release","EAGLES NOT CROWS","Alik Tarraf","199732029332","2025-08-25","Published","1","TARRAF PRODUCTIONS","","[""https://music.apple.com/ua/album/eagles-not-crows/1835767850?i=1835767851""]"
"https://aliktarraf.com/#catalog-trk-0079","Качели (EMO Version)","[""Kacheli (EMO Version)""]","Alik Tarraf","[""https://aliktarraf.com/#alik-tarraf""]","QZZ792534374","PT5M22.96S","322960","https://aliktarraf.com/#catalog-sng-034-digital-release","Качели (EMO Version)","Alik Tarraf","199326044208","2025-08-25","Published","1","TARRAF PRODUCTIONS","","[""https://music.apple.com/ua/album/kacheli-emo-version/1835132296?i=1835132297""]"
"https://aliktarraf.com/#catalog-trk-0080","GOOD AND EVIL","[]","Alik Tarraf","[""https://aliktarraf.com/#alik-tarraf""]","QZZ7L2573240","PT4M58.003S","298003","https://aliktarraf.com/#catalog-sng-035-digital-release","GOOD AND EVIL","Alik Tarraf","199733796899","2025-08-26","Published","1","TARRAF PRODUCTIONS","","[""https://music.apple.com/ua/album/good-and-evil/1835938056?i=1835938057""]"
"https://aliktarraf.com/#catalog-trk-0081","ГІМН УКРАЇНИ","[]","Alik Tarraf","[""https://aliktarraf.com/#alik-tarraf""]","QZZ7L2537421","PT4M32.68S","272680","https://aliktarraf.com/#catalog-sng-036-digital-release","ГІМН УКРАЇНИ","Alik Tarraf","199733968067","2025-08-26","Published","1","TARRAF PRODUCTIONS","","[""https://music.apple.com/ua/album/%D0%B3%D1%96%D0%BC%D0%BD-%D1%83%D0%BA%D1%80%D0%B0%D1%97%D0%BD%D0%B8/1835888091?i=1835888092""]"
"https://aliktarraf.com/#catalog-trk-0082","Why Why","[]","Alik Tarraf","[""https://aliktarraf.com/#alik-tarraf""]","QZZ7M2502769","PT5M1.92S","301920","https://aliktarraf.com/#catalog-sng-037-digital-release","Why Why","Alik Tarraf","199733643162","2025-08-27","Published","1","TARRAF PRODUCTIONS","","[""https://music.apple.com/ua/album/why-why/1836083504?i=1836083505""]"
"https://aliktarraf.com/#catalog-trk-0083","PARADOX","[]","Alik Tarraf","[""https://aliktarraf.com/#alik-tarraf""]","QZZ7N2505349","PT4M56.32S","296320","https://aliktarraf.com/#catalog-sng-038-digital-release","PARADOX","Alik Tarraf","199733143686","2025-08-29","Published","1","TARRAF PRODUCTIONS","","[""https://music.apple.com/ua/album/paradox/1836571026?i=1836571027""]"
"https://aliktarraf.com/#catalog-trk-0084","Не Умоляй","[""No Forgiveness (Не Умоляй)""]","Alik Tarraf","[""https://aliktarraf.com/#alik-tarraf""]","QZZ7N2502093","PT5M45.04S","345040","https://aliktarraf.com/#catalog-sng-039-digital-release","Не Умоляй","Alik Tarraf","199733158727","2025-08-29","Published","1","TARRAF PRODUCTIONS","","[""https://music.apple.com/ua/album/no-forgiveness-%D0%BD%D0%B5-%D1%83%D0%BC%D0%BE%D0%BB%D1%8F%D0%B9/1836564222?i=1836564223""]"
"https://aliktarraf.com/#catalog-trk-0085","FORGET ME","[]","Alik Tarraf","[""https://aliktarraf.com/#alik-tarraf""]","QZZ7Q2500446","PT5M19.4S","319400","https://aliktarraf.com/#catalog-sng-040-digital-release","FORGET ME","Alik Tarraf","199734201866","2025-09-01","Published","1","TARRAF PRODUCTIONS","","[""https://music.apple.com/ua/album/forget-me/1837448433?i=1837448434""]"
"https://aliktarraf.com/#catalog-trk-0086","НОЧЬ ОЖИВАЕТ","[""Night Alive (Ночь Оживает)""]","Alik Tarraf","[""https://aliktarraf.com/#alik-tarraf""]","QZZ7Q2504670","PT3M19.76S","199760","https://aliktarraf.com/#catalog-sng-041-digital-release","НОЧЬ ОЖИВАЕТ","Alik Tarraf","199734180055","2025-09-01","Published","1","TARRAF PRODUCTIONS","","[""https://music.apple.com/ua/album/night-alive-%D0%BD%D0%BE%D1%87%D1%8C-%D0%BE%D0%B6%D0%B8%D0%B2%D0%B0%D0%B5%D1%82/1837338045?i=1837338046""]"
"https://aliktarraf.com/#catalog-trk-0087","Воздушный Шар","[]","Alik Tarraf","[""https://aliktarraf.com/#alik-tarraf""]","QZZ7Q2550781","PT6M52.64S","412640","https://aliktarraf.com/#catalog-sng-042-digital-release","Воздушный Шар","Alik Tarraf","199735951869","2025-09-02","Published","1","TARRAF PRODUCTIONS","","[""https://music.apple.com/ua/album/%D0%B2%D0%BE%D0%B7%D0%B4%D1%83%D1%88%D0%BD%D1%8B%D0%B9-%D1%88%D0%B0%D1%80/1837705490?i=1837705494""]"
"https://aliktarraf.com/#catalog-trk-0088","RISING BALLOON","[]","Alik Tarraf","[""https://aliktarraf.com/#alik-tarraf""]","QZZ7Q2558452","PT7M30.52S","450520","https://aliktarraf.com/#catalog-sng-043-digital-release","RISING BALLOON","Alik Tarraf","199735912389","2025-09-03","Published","1","TARRAF PRODUCTIONS","","[""https://music.apple.com/ua/album/rising-balloon/1837583118?i=1837583119""]"
"https://aliktarraf.com/#catalog-trk-0089","День Birthday","[]","Alik Tarraf","[""https://aliktarraf.com/#alik-tarraf""]","QZZ7S2512624","PT3M56.32S","236320","https://aliktarraf.com/#catalog-sng-044-digital-release","День Birthday","Alik Tarraf","199735153539","2025-09-05","Published","1","TARRAF PRODUCTIONS","","[""https://music.apple.com/ua/album/%D0%B4%D0%B5%D0%BD%D1%8C-birthday/1838238925?i=1838238928""]"
"https://aliktarraf.com/#catalog-trk-0090","Я НАРЦИСС","[""Narcissi (Нарцисс)""]","Alik Tarraf","[""https://aliktarraf.com/#alik-tarraf""]","QZZ7S2525590","PT5M27.76S","327760","https://aliktarraf.com/#catalog-sng-045-digital-release","Я НАРЦИСС","Alik Tarraf","199735081801","2025-09-06","Published","1","TARRAF PRODUCTIONS","","[""https://music.apple.com/ua/album/narcissi-%D0%BD%D0%B0%D1%80%D1%86%D0%B8%D1%81%D1%81/1838279307?i=1838279309""]"
"https://aliktarraf.com/#catalog-trk-0091","AKFA EMPIRE","[]","Alik Tarraf","[""https://aliktarraf.com/#alik-tarraf""]","QZZ7T2562881","PT4M22.64S","262640","https://aliktarraf.com/#catalog-sng-046-digital-release","AKFA EMPIRE","Alik Tarraf","199736298130","2025-09-09","Published","1","TARRAF PRODUCTIONS","","[]"
"https://aliktarraf.com/#catalog-trk-0092","КОНЕЦ СВЕТА","[""Judgment Day (КОНЕЦ СВЕТА)""]","Alik Tarraf","[""https://aliktarraf.com/#alik-tarraf""]","QZZ7T2578083","PT5M53.64S","353640","https://aliktarraf.com/#catalog-sng-047-digital-release","КОНЕЦ СВЕТА","Alik Tarraf","199736264265","2025-09-09","Published","1","TARRAF PRODUCTIONS","","[""https://music.apple.com/ua/album/judgment-day-%D0%BA%D0%BE%D0%BD%D0%B5%D1%86-%D1%81%D0%B2%D0%B5%D1%82%D0%B0/1838930604?i=1838930875""]"
"https://aliktarraf.com/#catalog-trk-0093","GODDESS","[]","Alik Tarraf Marina Tarraf","[""https://aliktarraf.com/#alik-tarraf"", ""https://aliktarraf.com/#marina-tarraf""]","QZZ7U2554210","PT4M24.56S","264560","https://aliktarraf.com/#catalog-sng-048-digital-release","GODDESS","Alik Tarraf Marina Tarraf","199737907826","2025-09-10","Published","1","TARRAF PRODUCTIONS","","[""https://music.apple.com/ua/album/goddess/1839352234?i=1839352235""]"
"https://aliktarraf.com/#catalog-trk-0094","PARADISE","[]","Alik Tarraf","[""https://aliktarraf.com/#alik-tarraf""]","QZZ7U2557695","PT3M10.12S","190120","https://aliktarraf.com/#catalog-sng-049-digital-release","PARADISE","Alik Tarraf","199737886343","2025-09-11","Published","1","TARRAF PRODUCTIONS","","[""https://music.apple.com/ua/album/paradise/1839490815?i=1839490816""]"
"https://aliktarraf.com/#catalog-trk-0095","Semya v Serdtse","[""Semya v Serdtse (feat. Aliana Tarraf)""]","Alik Tarraf (feat. Aliana Tarraf)","[""https://aliktarraf.com/#alik-tarraf""]","QZZ7V2541692","PT3M53S","233000","https://aliktarraf.com/#catalog-sng-050-digital-release","Semya v Serdtse","Alik Tarraf (feat. Aliana Tarraf)","199737495767","2025-09-12","Published","1","TARRAF PRODUCTIONS","","[""https://music.apple.com/ua/album/semya-v-serdtse-feat-aliana-tarraf/1839660948?i=1839660949""]"
"https://aliktarraf.com/#catalog-trk-0096","Shtorm i Lyubov","[""Shtorm I Lyubov""]","Marina Tarraf","[""https://aliktarraf.com/#marina-tarraf""]","QZZ7V2520401","PT4M6.6S","246600","https://aliktarraf.com/#catalog-sng-051-digital-release","Shtorm i Lyubov","Marina Tarraf","199737612591","2025-09-12","Published","1","TARRAF PRODUCTIONS","","[""https://music.apple.com/ua/album/shtorm-i-lyubov/1839606716?i=1839606717""]"
"https://aliktarraf.com/#catalog-trk-0097","Sila Lyubvi","[]","Alik Tarraf","[""https://aliktarraf.com/#alik-tarraf""]","QZZ7V2523510","PT5M30S","330000","https://aliktarraf.com/#catalog-sng-052-digital-release","Sila Lyubvi","Alik Tarraf","199737598277","2025-09-12","Published","1","TARRAF PRODUCTIONS","","[""https://music.apple.com/ua/album/sila-lyubvi/1839638803?i=1839638804""]"
"https://aliktarraf.com/#catalog-trk-0098","ASH and NEON","[]","Alik Tarraf","[""https://aliktarraf.com/#alik-tarraf""]","QZZ7W2511469","PT6M34.8S","394800","https://aliktarraf.com/#catalog-sng-053-digital-release","ASH and NEON","Alik Tarraf","199737136721","2025-09-13","Published","1","TARRAF PRODUCTIONS","","[""https://music.apple.com/ua/album/ash-and-neon/1839847336?i=1839847337""]"
"https://aliktarraf.com/#catalog-trk-0099","More Lyubvi","[""More Lyubvi (feat. Marina Tarraf)""]","Alik Tarraf (feat. Marina Tarraf)","[""https://aliktarraf.com/#alik-tarraf""]","QZZ7W2515106","PT3M50.8S","230800","https://aliktarraf.com/#catalog-sng-054-digital-release","More Lyubvi","Alik Tarraf (feat. Marina Tarraf)","199737115979","2025-09-14","Published","1","TARRAF PRODUCTIONS","","[]"
"https://aliktarraf.com/#catalog-trk-0100","Фальшивая Любовь","[""False Love (Фальшивая Любовь)""]","Alik Tarraf","[""https://aliktarraf.com/#alik-tarraf""]","QZZ7W2545487","PT5M58.6S","358600","https://aliktarraf.com/#catalog-sng-055-digital-release","Фальшивая Любовь","Alik Tarraf","199738970133","2025-09-14","Published","1","TARRAF PRODUCTIONS","","[""https://music.apple.com/ua/album/false-love-%D1%84%D0%B0%D0%BB%D1%8C%D1%88%D0%B8%D0%B2%D0%B0%D1%8F-%D0%BB%D1%8E%D0%B1%D0%BE%D0%B2%D1%8C/1840033726?i=1840033727""]"
"https://aliktarraf.com/#catalog-trk-0101","Sister","[]","Alik Tarraf","[""https://aliktarraf.com/#alik-tarraf""]","QZZ7X2503248","PT4M4.04S","244040","https://aliktarraf.com/#catalog-sng-056-digital-release","Sister","Alik Tarraf","199738677605","2025-09-15","Published","1","TARRAF PRODUCTIONS","","[""https://music.apple.com/ua/album/sister/1840225079?i=1840225080""]"
"https://aliktarraf.com/#catalog-trk-0102","Брат","[""Brat (Брат)""]","Alik Tarraf","[""https://aliktarraf.com/#alik-tarraf""]","QZZ7X2501327","PT5M17.32S","317320","https://aliktarraf.com/#catalog-sng-057-digital-release","Брат","Alik Tarraf","199738685365","2025-09-15","Published","1","TARRAF PRODUCTIONS","","[""https://music.apple.com/ua/album/brat-%D0%B1%D1%80%D0%B0%D1%82/1840212135?i=1840212136""]"
"https://aliktarraf.com/#catalog-trk-0103","Brother","[]","Alik Tarraf","[""https://aliktarraf.com/#alik-tarraf""]","QZZ7X2594221","PT6M1.44S","361440","https://aliktarraf.com/#catalog-sng-058-digital-release","Brother","Alik Tarraf","199738216408","2025-09-17","Published","1","TARRAF PRODUCTIONS","","[""https://music.apple.com/ua/album/brother/1840718919?i=1840718920""]"
"https://aliktarraf.com/#catalog-trk-0104","New World","[]","Alik Tarraf Marina Tarraf","[""https://aliktarraf.com/#alik-tarraf"", ""https://aliktarraf.com/#marina-tarraf""]","QT3EY2513941","PT5M47.52S","347520","https://aliktarraf.com/#catalog-sng-059-digital-release","New World","Alik Tarraf Marina Tarraf","199739691075","2025-09-19","Published","1","TARRAF PRODUCTIONS","","[""https://music.apple.com/ua/album/new-world/1841198094?i=1841198095""]"
"https://aliktarraf.com/#catalog-trk-0105","STOP НАРКОТИК","[""STOP (НАРКОТИК)""]","Alik Tarraf","[""https://aliktarraf.com/#alik-tarraf""]","QT3EX2572244","PT4M40.52S","280520","https://aliktarraf.com/#catalog-sng-060-digital-release","STOP НАРКОТИК","Alik Tarraf","199739862048","2025-09-19","Published","1","TARRAF PRODUCTIONS","","[""https://music.apple.com/ua/album/stop-%D0%BD%D0%B0%D1%80%D0%BA%D0%BE%D1%82%D0%B8%D0%BA/1841049267?i=1841049268""]"
"https://aliktarraf.com/#catalog-trk-0106","ARRIBA Y ABAJO","[]","Alik Tarraf","[""https://aliktarraf.com/#alik-tarraf""]","QT3EY2542532","PT4M15.16S","255160","https://aliktarraf.com/#catalog-sng-061-digital-release","ARRIBA Y ABAJO","Alik Tarraf","199739554028","2025-09-20","Published","1","TARRAF PRODUCTIONS","","[""https://music.apple.com/ua/album/arriba-y-abajo/1841263585?i=1841263586""]"
"https://aliktarraf.com/#catalog-trk-0107","Бусинка","[""Businka (БУСИНКА)""]","Alik Tarraf","[""https://aliktarraf.com/#alik-tarraf""]","QT3EY2549935","PT4M22.72S","262720","https://aliktarraf.com/#catalog-sng-062-digital-release","Бусинка","Alik Tarraf","199739520566","2025-09-20","Published","1","TARRAF PRODUCTIONS","","[""https://music.apple.com/ua/album/businka-%D0%B1%D1%83%D1%81%D0%B8%D0%BD%D0%BA%D0%B0/1841208206?i=1841208207""]"
"https://aliktarraf.com/#catalog-trk-0108","IBIZA FESTIVAL (soundtrack)","[""IBIZA FESTIVAL""]","Alik Tarraf","[""https://aliktarraf.com/#alik-tarraf""]","QT3EZ2511468","PT3M34S","214000","https://aliktarraf.com/#catalog-sng-063-digital-release","IBIZA FESTIVAL (soundtrack)","Alik Tarraf","199739237730","2025-09-21","Published","1","TARRAF PRODUCTIONS","","[""https://music.apple.com/ua/album/ibiza-festival/1841826333?i=1841826334""]"
"https://aliktarraf.com/#catalog-trk-0109","МОЛОДОСТЬ","[""Youth (МОЛОДОСТЬ)""]","Alik Tarraf","[""https://aliktarraf.com/#alik-tarraf""]","QT3EZ2508067","PT5M41.16S","341160","https://aliktarraf.com/#catalog-sng-064-digital-release","МОЛОДОСТЬ","Alik Tarraf","199739238287","2025-09-21","Published","1","TARRAF PRODUCTIONS","","[""https://music.apple.com/ua/album/youth-%D0%BC%D0%BE%D0%BB%D0%BE%D0%B4%D0%BE%D1%81%D1%82%D1%8C/1841545554?i=1841545555""]"
"https://aliktarraf.com/#catalog-trk-0110","HELA","[]","Alik Tarraf","[""https://aliktarraf.com/#alik-tarraf""]","QT3EZ2529962","PT4M24.96S","264960","https://aliktarraf.com/#catalog-sng-065-digital-release","HELA","Alik Tarraf","199739106517","2025-09-22","Published","1","TARRAF PRODUCTIONS","","[""https://music.apple.com/ua/album/hela/1841643172?i=1841643173""]"
"https://aliktarraf.com/#catalog-trk-0111","ДЕТСТВО","[]","Alik Tarraf","[""https://aliktarraf.com/#alik-tarraf""]","QT3EZ2585905","PT4M44.04S","284040","https://aliktarraf.com/#catalog-sng-066-digital-release","ДЕТСТВО","Alik Tarraf","199740856524","2025-09-23","Published","1","TARRAF PRODUCTIONS","","[""https://music.apple.com/ua/album/%D0%B4%D0%B5%D1%82%D1%81%D1%82%D0%B2%D0%BE/1841892669?i=1841892670""]"
"https://aliktarraf.com/#catalog-trk-0112","УХУ ЕЛ?","[""Ukhu El (Уху Ел?)""]","Alik Tarraf","[""https://aliktarraf.com/#alik-tarraf""]","QT3F22532818","PT3M29.56S","209560","https://aliktarraf.com/#catalog-sng-067-digital-release","УХУ ЕЛ?","Alik Tarraf","199740652089","2025-09-23","Published","1","TARRAF PRODUCTIONS","","[""https://music.apple.com/ua/album/ukhu-el-%D1%83%D1%85%D1%83-%D0%B5%D0%BB/1842113418?i=1842113420""]"
"https://aliktarraf.com/#catalog-trk-0113","ДОБРО И ЗЛО ((VIP REMIX Version))","[""ДОБРО И ЗЛО (VIP REMIX Version)""]","Alik Tarraf","[""https://aliktarraf.com/#alik-tarraf""]","QT3F32547780","PT3M33S","213000","https://aliktarraf.com/#catalog-sng-068-digital-release","ДОБРО И ЗЛО ((VIP REMIX Version))","Alik Tarraf","199740131089","2025-09-25","Published","1","TARRAF PRODUCTIONS","","[""https://music.apple.com/ua/album/%D0%B4%D0%BE%D0%B1%D1%80%D0%BE-%D0%B8-%D0%B7%D0%BB%D0%BE-vip-remix-version/1842549034?i=1842549035""]"
"https://aliktarraf.com/#catalog-trk-0114","ملاك و شيطان","[]","Alik Tarraf","[""https://aliktarraf.com/#alik-tarraf""]","QT3F32544991","PT3M59.96S","239960","https://aliktarraf.com/#catalog-sng-069-digital-release","ملاك و شيطان","Alik Tarraf","199740139177","2025-09-25","Published","1","TARRAF PRODUCTIONS","","[""https://music.apple.com/ua/album/%D9%85%D9%84%D8%A7%D9%83-%D9%88-%D8%B4%D9%8A%D8%B7%D8%A7%D9%86/1842542057?i=1842542058""]"
"https://aliktarraf.com/#catalog-trk-0115","БЛИЗНЕЦЫ В ОГНЕ","[""TWINS IN FIRE (БЛИЗНЕЦЫ В ОГНЕ)""]","Alik Tarraf","[""https://aliktarraf.com/#alik-tarraf""]","QT3F32554998","PT3M27.44S","207440","https://aliktarraf.com/#catalog-sng-070-digital-release","БЛИЗНЕЦЫ В ОГНЕ","Alik Tarraf","199740087768","2025-09-26","Published","1","TARRAF PRODUCTIONS","","[""https://music.apple.com/ua/album/twins-in-fire-%D0%B1%D0%BB%D0%B8%D0%B7%D0%BD%D0%B5%D1%86%D1%8B-%D0%B2-%D0%BE%D0%B3%D0%BD%D0%B5/1842571349?i=1842571350""]"
"https://aliktarraf.com/#catalog-trk-0116","HELAH","[]","Alik Tarraf","[""https://aliktarraf.com/#alik-tarraf""]","QT3F42551251","PT4M14.44S","254440","https://aliktarraf.com/#catalog-sng-071-digital-release","HELAH","Alik Tarraf","199741624603","2025-09-27","Published","1","TARRAF PRODUCTIONS","","[""https://music.apple.com/ua/album/helah/1842833712?i=1842833893""]"
"https://aliktarraf.com/#catalog-trk-0117","DESTINATION (soundtrack)","[""DESTINATION (Soundtrack)""]","Alik Tarraf","[""https://aliktarraf.com/#alik-tarraf""]","QT3F42594065","PT3M8.36S","188360","https://aliktarraf.com/#catalog-sng-072-digital-release","DESTINATION (soundtrack)","Alik Tarraf","199741391727","2025-09-28","Published","1","TARRAF PRODUCTIONS","","[""https://music.apple.com/ua/album/destination-soundtrack/1843103001?i=1843103002""]"
"https://aliktarraf.com/#catalog-trk-0118","LOST (soundtrack)","[""LOST (Soundtrack)""]","Alik Tarraf","[""https://aliktarraf.com/#alik-tarraf""]","QT3F42592202","PT2M44.96S","164960","https://aliktarraf.com/#catalog-sng-073-digital-release","LOST (soundtrack)","Alik Tarraf","199741393233","2025-09-28","Published","1","TARRAF PRODUCTIONS","","[""https://music.apple.com/ua/album/lost-soundtrack/1843039169?i=1843039170""]"
"https://aliktarraf.com/#catalog-trk-0119","Ай Одесса","[""Odessa (Ай Одесса)""]","Alik Tarraf","[""https://aliktarraf.com/#alik-tarraf""]","QT3F52503218","PT2M53.84S","173840","https://aliktarraf.com/#catalog-sng-074-digital-release","Ай Одесса","Alik Tarraf","199741332973","2025-09-28","Published","1","TARRAF PRODUCTIONS","","[""https://music.apple.com/ua/album/odessa-%D0%B0%D0%B9-%D0%BE%D0%B4%D0%B5%D1%81%D1%81%D0%B0/1843151417?i=1843151418""]"
"https://aliktarraf.com/#catalog-trk-0120","Гимн Одессы","[""Odessa Mama (Гимн Одессы)""]","Alik Tarraf","[""https://aliktarraf.com/#alik-tarraf""]","QT3F52518015","PT5M32.6S","332600","https://aliktarraf.com/#catalog-sng-075-digital-release","Гимн Одессы","Alik Tarraf","199741244023","2025-09-29","Published","1","TARRAF PRODUCTIONS","","[""https://music.apple.com/ua/album/odessa-mama-%D0%B3%D0%B8%D0%BC%D0%BD-%D0%BE%D0%B4%D0%B5%D1%81%D1%81%D1%8B/1843167770?i=1843167775""]"
"https://aliktarraf.com/#catalog-trk-0121","HELLA","[]","Alik Tarraf","[""https://aliktarraf.com/#alik-tarraf""]","QT3F52572933","PT4M14.88S","254880","https://aliktarraf.com/#catalog-sng-076-digital-release","HELLA","Alik Tarraf","199741008069","2025-09-30","Published","1","TARRAF PRODUCTIONS","","[""https://music.apple.com/ua/album/hella/1843445100?i=1843445101""]"
"https://aliktarraf.com/#catalog-trk-0122","ГОРЬКО","[""Wedding (Горько)""]","Alik Tarraf","[""https://aliktarraf.com/#alik-tarraf""]","QT3F52575403","PT3M11.92S","191920","https://aliktarraf.com/#catalog-sng-077-digital-release","ГОРЬКО","Alik Tarraf","199741006461","2025-09-30","Published","1","TARRAF PRODUCTIONS","","[""https://music.apple.com/ua/album/wedding-%D0%B3%D0%BE%D1%80%D1%8C%D0%BA%D0%BE/1843445470?i=1843445471""]"
"https://aliktarraf.com/#catalog-trk-0123","Смысл Жизни","[""Meaning of life (Смысл Жизни)""]","Alik Tarraf","[""https://aliktarraf.com/#alik-tarraf""]","QT3F52596011","PT3M52.92S","232920","https://aliktarraf.com/#catalog-sng-078-digital-release","Смысл Жизни","Alik Tarraf","199742899222","2025-09-30","Published","1","TARRAF PRODUCTIONS","","[""https://music.apple.com/ua/album/meaning-of-life-%D1%81%D0%BC%D1%8B%D1%81%D0%BB-%D0%B6%D0%B8%D0%B7%D0%BD%D0%B8/1843524754?i=1843524755""]"
"https://aliktarraf.com/#catalog-trk-0124","ЛЕТИ","[]","Alik Tarraf","[""https://aliktarraf.com/#alik-tarraf""]","QT3F62535970","PT4M17.56S","257560","https://aliktarraf.com/#catalog-sng-079-digital-release","ЛЕТИ","Alik Tarraf","199742726863","2025-10-01","Published","1","TARRAF PRODUCTIONS","","[""https://music.apple.com/ua/album/%D0%BB%D0%B5%D1%82%D0%B8/1843772768?i=1843772769""]"
"https://aliktarraf.com/#catalog-trk-0125","ABU DHABI NIGHTS","[]","Alik Tarraf","[""https://aliktarraf.com/#alik-tarraf""]","QT3F72520533","PT5M14.96S","314960","https://aliktarraf.com/#catalog-sng-080-digital-release","ABU DHABI NIGHTS","Alik Tarraf","199742334662","2025-10-02","Published","1","TARRAF PRODUCTIONS","","[""https://music.apple.com/ua/album/abu-dhabi-nights/1844069622?i=1844069623""]"
"https://aliktarraf.com/#catalog-trk-0126","ВЛАСТЬ","[]","Alik Tarraf","[""https://aliktarraf.com/#alik-tarraf""]","QT3F72503137","PT5M2S","302000","https://aliktarraf.com/#catalog-sng-081-digital-release","ВЛАСТЬ","Alik Tarraf","199742433303","2025-10-02","Published","1","TARRAF PRODUCTIONS","","[""https://music.apple.com/ua/album/%D0%B2%D0%BB%D0%B0%D1%81%D1%82%D1%8C/1844025025?i=1844025026""]"
"https://aliktarraf.com/#catalog-trk-0127","Сум за Батьківщиною","[]","Alik Tarraf","[""https://aliktarraf.com/#alik-tarraf""]","QT3F72503317","PT3M51.88S","231880","https://aliktarraf.com/#catalog-sng-082-digital-release","Сум за Батьківщиною","Alik Tarraf","199742427463","2025-10-02","Published","1","TARRAF PRODUCTIONS","","[""https://music.apple.com/ua/album/%D1%81%D1%83%D0%BC-%D0%B7%D0%B0-%D0%B1%D0%B0%D1%82%D1%8C%D0%BA%D1%96%D0%B2%D1%89%D0%B8%D0%BD%D0%BE%D1%8E/1843996561?i=1843996562""]"
"https://aliktarraf.com/#catalog-trk-0128","Это Мои Чувства","[]","Alik Tarraf","[""https://aliktarraf.com/#alik-tarraf""]","QT3F72503236","PT4M4S","244000","https://aliktarraf.com/#catalog-sng-083-digital-release","Это Мои Чувства","Alik Tarraf","199742429412","2025-10-02","Published","1","TARRAF PRODUCTIONS","","[""https://music.apple.com/ua/album/%D1%8D%D1%82%D0%BE-%D0%BC%D0%BE%D0%B8-%D1%87%D1%83%D0%B2%D1%81%D1%82%D0%B2%D0%B0/1844006449?i=1844006870""]"
"https://aliktarraf.com/#catalog-trk-0129","Предназначение","[]","Alik Tarraf","[""https://aliktarraf.com/#alik-tarraf""]","QT3F72570597","PT3M39.4S","219400","https://aliktarraf.com/#catalog-sng-084-digital-release","Предназначение","Alik Tarraf","199742114868","2025-10-03","Published","1","TARRAF PRODUCTIONS","","[""https://music.apple.com/ua/album/%D0%BF%D1%80%D0%B5%D0%B4%D0%BD%D0%B0%D0%B7%D0%BD%D0%B0%D1%87%D0%B5%D0%BD%D0%B8%D0%B5/1844162260?i=1844162261""]"
"https://aliktarraf.com/#catalog-trk-0130","Я ПРОЩАЮ","[]","Alik Tarraf","[""https://aliktarraf.com/#alik-tarraf""]","QT3F72567496","PT4M14.96S","254960","https://aliktarraf.com/#catalog-sng-085-digital-release","Я ПРОЩАЮ","Alik Tarraf","199742121392","2025-10-03","Published","1","TARRAF PRODUCTIONS","","[""https://music.apple.com/ua/album/%D1%8F-%D0%BF%D1%80%D0%BE%D1%89%D0%B0%D1%8E/1844170151?i=1844170154""]"
"https://aliktarraf.com/#catalog-trk-0131","Я Это Ты","[]","Alik Tarraf","[""https://aliktarraf.com/#alik-tarraf""]","QT3F72570593","PT3M3.76S","183760","https://aliktarraf.com/#catalog-sng-086-digital-release","Я Это Ты","Alik Tarraf","199742118866","2025-10-03","Published","1","TARRAF PRODUCTIONS","","[""https://music.apple.com/ua/album/%D1%8F-%D1%8D%D1%82%D0%BE-%D1%82%D1%8B/1844118622?i=1844118624""]"
"https://aliktarraf.com/#catalog-trk-0132","DistroKid (soundtrack)","[""DistroKid""]","Alik Tarraf","[""https://aliktarraf.com/#alik-tarraf""]","QT3F82541888","PT4M4.4S","244400","https://aliktarraf.com/#catalog-sng-087-digital-release","DistroKid (soundtrack)","Alik Tarraf","199743787337","2025-10-04","Published","1","TARRAF PRODUCTIONS","","[""https://music.apple.com/ua/album/distrokid/1844266343?i=1844266345""]"
"https://aliktarraf.com/#catalog-trk-0133","Dubai Lights","[]","Alik Tarraf","[""https://aliktarraf.com/#alik-tarraf""]","QT3F82547782","PT4M7.4S","247400","https://aliktarraf.com/#catalog-sng-088-digital-release","Dubai Lights","Alik Tarraf","199743751253","2025-10-04","Published","1","TARRAF PRODUCTIONS","","[""https://music.apple.com/ua/album/dubai-lights/1844435962?i=1844436296""]"
"https://aliktarraf.com/#catalog-trk-0134","Sanctum Fire","[]","Alik Tarraf","[""https://aliktarraf.com/#alik-tarraf""]","QT3F92507283","PT4M46.92S","286920","https://aliktarraf.com/#catalog-sng-089-digital-release","Sanctum Fire","Alik Tarraf","199743450811","2025-10-05","Published","1","TARRAF PRODUCTIONS","","[""https://music.apple.com/ua/album/sanctum-fire/1844576745?i=1844576746""]"
"https://aliktarraf.com/#catalog-trk-0135","ЗСУ","[]","Alik Tarraf","[""https://aliktarraf.com/#alik-tarraf""]","QT3F82587252","PT3M34.92S","214920","https://aliktarraf.com/#catalog-sng-090-digital-release","ЗСУ","Alik Tarraf","199743546187","2025-10-05","Published","1","TARRAF PRODUCTIONS","","[""https://music.apple.com/ua/album/%D0%B7%D1%81%D1%83/1844594060?i=1844594061""]"
"https://aliktarraf.com/#catalog-trk-0136","КИЇВ","[""KYIV (КИЇВ)""]","Alik Tarraf","[""https://aliktarraf.com/#alik-tarraf""]","QT3F82583937","PT4M41.08S","281080","https://aliktarraf.com/#catalog-sng-091-digital-release","КИЇВ","Alik Tarraf","199743549454","2025-10-05","Published","1","TARRAF PRODUCTIONS","","[""https://music.apple.com/ua/album/kyiv-%D0%BA%D0%B8%D1%97%D0%B2/1844612225?i=1844612229""]"
"https://aliktarraf.com/#catalog-trk-0137","ПРОЩАЙ","[""Adieus (ПРОЩАЙ)""]","Alik Tarraf","[""https://aliktarraf.com/#alik-tarraf""]","QT3F82590514","PT3M47.92S","227920","https://aliktarraf.com/#catalog-sng-092-digital-release","ПРОЩАЙ","Alik Tarraf","199743524048","2025-10-05","Published","1","TARRAF PRODUCTIONS","","[""https://music.apple.com/ua/album/adieus-%D0%BF%D1%80%D0%BE%D1%89%D0%B0%D0%B9/1844608712?i=1844608713""]"
"https://aliktarraf.com/#catalog-trk-0138","ТЕНИ","[""Shadows (ТЕНИ)""]","Alik Tarraf","[""https://aliktarraf.com/#alik-tarraf""]","QT3F92505012","PT2M55.92S","175920","https://aliktarraf.com/#catalog-sng-093-digital-release","ТЕНИ","Alik Tarraf","199743452464","2025-10-05","Published","1","TARRAF PRODUCTIONS","","[""https://music.apple.com/ua/album/shadows-%D1%82%D0%B5%D0%BD%D0%B8/1844697321?i=1844697322""]"
"https://aliktarraf.com/#catalog-trk-0139","POSSESSED","[]","Marina Tarraf","[""https://aliktarraf.com/#marina-tarraf""]","QT3F92537714","PT3M24.88S","204880","https://aliktarraf.com/#catalog-sng-094-digital-release","POSSESSED","Marina Tarraf","199743290448","2025-10-06","Published","1","TARRAF PRODUCTIONS","","[""https://music.apple.com/ua/album/possessed/1845309427?i=1845309428""]"
"https://aliktarraf.com/#catalog-trk-0140","Запретный Вкус","[""XXX (Запретный Вкус)""]","Alik Tarraf","[""https://aliktarraf.com/#alik-tarraf""]","QT3F92535289","PT3M41.76S","221760","https://aliktarraf.com/#catalog-sng-095-digital-release","Запретный Вкус","Alik Tarraf","199743292206","2025-10-06","Published","1","TARRAF PRODUCTIONS","","[""https://music.apple.com/ua/album/xxx-%D0%B7%D0%B0%D0%BF%D1%80%D0%B5%D1%82%D0%BD%D1%8B%D0%B9-%D0%B2%D0%BA%D1%83%D1%81/1844819098?i=1844819100""]"
"https://aliktarraf.com/#catalog-trk-0141","Instagram (soundtrack)","[""Instagram (Soundtrack)""]","Alik Tarraf","[""https://aliktarraf.com/#alik-tarraf""]","QT3FA2508029","PT2M40.88S","160880","https://aliktarraf.com/#catalog-sng-096-digital-release","Instagram (soundtrack)","Alik Tarraf","199744958323","2025-10-07","Published","1","TARRAF PRODUCTIONS","","[""https://music.apple.com/ua/album/instagram-soundtrack/1845164494?i=1845164495""]"
"https://aliktarraf.com/#catalog-trk-0142","Пенсия Кайф","[""Pension (Пенсия Кайф)""]","Alik Tarraf","[""https://aliktarraf.com/#alik-tarraf""]","QT3FA2517875","PT3M14.92S","194920","https://aliktarraf.com/#catalog-sng-097-digital-release","Пенсия Кайф","Alik Tarraf","199744915647","2025-10-07","Published","1","TARRAF PRODUCTIONS","","[""https://music.apple.com/ua/album/pension-%D0%BF%D0%B5%D0%BD%D1%81%D0%B8%D1%8F-%D0%BA%D0%B0%D0%B9%D1%84/1845043514?i=1845043515""]"
"https://aliktarraf.com/#catalog-trk-0143","COSMOS LIFE СЕРИЯ 1 - ПЛАНЕТА БЕЗ ЛЮДЕЙ","[]","Alik Tarraf","[""https://aliktarraf.com/#alik-tarraf""]","QT3FB2522842","PT4M41.52S","281520","https://aliktarraf.com/#catalog-sng-098-digital-release","COSMOS LIFE СЕРИЯ 1 - ПЛАНЕТА БЕЗ ЛЮДЕЙ","Alik Tarraf","199744399263","2025-10-09","Published","1","TARRAF PRODUCTIONS","","[""https://music.apple.com/ua/album/cosmos-life-%D1%81%D0%B5%D1%80%D0%B8%D1%8F-1-%D0%BF%D0%BB%D0%B0%D0%BD%D0%B5%D1%82%D0%B0-%D0%B1%D0%B5%D0%B7-%D0%BB%D1%8E%D0%B4%D0%B5%D0%B9/1845607906?i=1845607907""]"
"https://aliktarraf.com/#catalog-trk-0144","COSMOS LIFE СЕРИЯ 2 - АДАМ И ЕВА","[]","Alik Tarraf","[""https://aliktarraf.com/#alik-tarraf""]","QT3FB2572738","PT3M59.88S","239880","https://aliktarraf.com/#catalog-sng-099-digital-release","COSMOS LIFE СЕРИЯ 2 - АДАМ И ЕВА","Alik Tarraf","199744168395","2025-10-10","Published","1","TARRAF PRODUCTIONS","","[""https://music.apple.com/ua/album/cosmos-life-%D1%81%D0%B5%D1%80%D0%B8%D1%8F-2-%D0%B0%D0%B4%D0%B0%D0%BC-%D0%B8-%D0%B5%D0%B2%D0%B0/1845692691?i=1845692693""]"
"https://aliktarraf.com/#catalog-trk-0145","COSMOS LIFE СЕРИЯ З - «РАЗРУШЕНИЕ»","[]","Alik Tarraf","[""https://aliktarraf.com/#alik-tarraf""]","QT3FC2537576","PT4M7.24S","247240","https://aliktarraf.com/#catalog-sng-100-digital-release","COSMOS LIFE СЕРИЯ З - «РАЗРУШЕНИЕ»","Alik Tarraf","199745847077","2025-10-11","Published","1","TARRAF PRODUCTIONS","","[""https://music.apple.com/ua/album/cosmos-life-%D1%81%D0%B5%D1%80%D0%B8%D1%8F-%D0%B7-%D1%80%D0%B0%D0%B7%D1%80%D1%83%D1%88%D0%B5%D0%BD%D0%B8%D0%B5/1845906996?i=1845906998""]"
"https://aliktarraf.com/#catalog-trk-0146","COSMOS LIFE СЕРИЯ 4 - «COSMOS LIFE»","[]","Alik Tarraf","[""https://aliktarraf.com/#alik-tarraf""]","QT3FC2583008","PT4M42.44S","282440","https://aliktarraf.com/#catalog-sng-101-digital-release","COSMOS LIFE СЕРИЯ 4 - «COSMOS LIFE»","Alik Tarraf","199745608012","2025-10-12","Published","1","TARRAF PRODUCTIONS","","[""https://music.apple.com/ua/album/cosmos-life-%D1%81%D0%B5%D1%80%D0%B8%D1%8F-4-cosmos-life/1845998162?i=1845998163""]"
"https://aliktarraf.com/#catalog-trk-0147","Мама","[""Mama""]","Alik Tarraf","[""https://aliktarraf.com/#alik-tarraf""]","QT3FD2506128","PT4M11.76S","251760","https://aliktarraf.com/#catalog-sng-102-digital-release","Мама","Alik Tarraf","199745489772","2025-10-12","Published","1","TARRAF PRODUCTIONS","","[""https://music.apple.com/ua/album/mama/1846290781?i=1846290782""]"
"https://aliktarraf.com/#catalog-trk-0148","DREAM OF LIGHT","[]","Alik Tarraf","[""https://aliktarraf.com/#alik-tarraf""]","QT3FD2561541","PT5M25.8S","325800","https://aliktarraf.com/#catalog-sng-103-digital-release","DREAM OF LIGHT","Alik Tarraf","199745241905","2025-10-13","Published","1","TARRAF PRODUCTIONS","","[""https://music.apple.com/ua/album/dream-of-light/1846383140?i=1846383145""]"
"https://aliktarraf.com/#catalog-trk-0149","Между Орбит","[""Between Orbits (Между Орбит)""]","Alik Tarraf","[""https://aliktarraf.com/#alik-tarraf""]","QT3FE2509181","PT3M24S","204000","https://aliktarraf.com/#catalog-sng-104-digital-release","Между Орбит","Alik Tarraf","199745016800","2025-10-14","Published","1","TARRAF PRODUCTIONS","","[""https://music.apple.com/ua/album/between-orbits-%D0%BC%D0%B5%D0%B6%D0%B4%D1%83-%D0%BE%D1%80%D0%B1%D0%B8%D1%82/1846602424?i=1846602425""]"
"https://aliktarraf.com/#catalog-trk-0150","Anima Obscura (Dark Ritual Song)","[]","Alik Tarraf","[""https://aliktarraf.com/#alik-tarraf""]","QT3FG2507072","PT3M9.88S","189880","https://aliktarraf.com/#catalog-sng-105-digital-release","Anima Obscura (Dark Ritual Song)","Alik Tarraf","199746102007","2025-10-17","Published","1","TARRAF PRODUCTIONS","","[""https://music.apple.com/ua/album/anima-obscura-dark-ritual-song/1847457711?i=1847457990""]"
"https://aliktarraf.com/#catalog-trk-0151","HELLO","[]","Alik Tarraf","[""https://aliktarraf.com/#alik-tarraf""]","QT3FF2557854","PT3M38.44S","218440","https://aliktarraf.com/#catalog-sng-106-digital-release","HELLO","Alik Tarraf","199746331070","2025-10-17","Published","1","TARRAF PRODUCTIONS","","[""https://music.apple.com/ua/album/hello/1847127328?i=1847127329""]"
"https://aliktarraf.com/#catalog-trk-0152","БУМЕРАНГ","[]","Alik Tarraf","[""https://aliktarraf.com/#alik-tarraf""]","QT3FH2514472","PT4M4.88S","244880","https://aliktarraf.com/#catalog-sng-107-digital-release","БУМЕРАНГ","Alik Tarraf","199747546978","2025-10-19","Published","1","TARRAF PRODUCTIONS","","[""https://music.apple.com/ua/album/%D0%B1%D1%83%D0%BC%D0%B5%D1%80%D0%B0%D0%BD%D0%B3/1847899430?i=1847899431""]"
"https://aliktarraf.com/#catalog-trk-0153","Meaning of Life","[]","Alik Tarraf","[""https://aliktarraf.com/#alik-tarraf""]","QT6E52575346","PT3M18.28S","198280","https://aliktarraf.com/#catalog-sng-108-digital-release","Meaning of Life","Alik Tarraf","199748808495","2025-10-22","Published","1","TARRAF PRODUCTIONS","","[""https://music.apple.com/ua/album/meaning-of-life/1848596758?i=1848596759""]"
"https://aliktarraf.com/#catalog-trk-0154","VEVO","[]","Alik Tarraf","[""https://aliktarraf.com/#alik-tarraf""]","QT6E52548061","PT4M13.12S","253120","https://aliktarraf.com/#catalog-sng-109-digital-release","VEVO","Alik Tarraf","199748950453","2025-10-22","Published","1","TARRAF PRODUCTIONS","","[""https://music.apple.com/ua/album/vevo/1848354868?i=1848354869""]"
"https://aliktarraf.com/#catalog-trk-0155","BANINA BANINA YALLA TARRAF","[]","Alik Tarraf, Marina Tarraf","[""https://aliktarraf.com/#alik-tarraf"", ""https://aliktarraf.com/#marina-tarraf""]","QT6E62524228","PT3M57.44S","237440","https://aliktarraf.com/#catalog-sng-110-digital-release","BANINA BANINA YALLA TARRAF","Alik Tarraf, Marina Tarraf","199748545277","2025-10-23","Published","1","TARRAF PRODUCTIONS","","[""https://music.apple.com/ua/album/banina-banina-yalla-tarraf/1848684907?i=1848684908""]"
"https://aliktarraf.com/#catalog-trk-0156","ПІСНЯ КРАКЕНА — “ВІТО І ЮТА”","[]","Alik Tarraf","[""https://aliktarraf.com/#alik-tarraf""]","QT6E62558415","PT4M34.32S","274320","https://aliktarraf.com/#catalog-sng-111-digital-release","ПІСНЯ КРАКЕНА — “ВІТО І ЮТА”","Alik Tarraf","199748424800","2025-10-23","Published","1","TARRAF PRODUCTIONS","","[""https://music.apple.com/ua/album/%D0%BF%D1%96%D1%81%D0%BD%D1%8F-%D0%BA%D1%80%D0%B0%D0%BA%D0%B5%D0%BD%D0%B0-%D0%B2%D1%96%D1%82%D0%BE-%D1%96-%D1%8E%D1%82%D0%B0/1848794072?i=1848794074""]"
"https://aliktarraf.com/#catalog-trk-0157","ВРЕМЯ НЕ ПРОЩАЕТ","[""Time (ВРЕМЯ НЕ ПРОЩАЕТ)""]","Alik Tarraf","[""https://aliktarraf.com/#alik-tarraf""]","QT6E72510455","PT5M5S","305000","https://aliktarraf.com/#catalog-sng-112-digital-release","ВРЕМЯ НЕ ПРОЩАЕТ","Alik Tarraf","199748201050","2025-10-24","Published","1","TARRAF PRODUCTIONS","","[""https://music.apple.com/ua/album/time-%D0%B2%D1%80%D0%B5%D0%BC%D1%8F-%D0%BD%D0%B5-%D0%BF%D1%80%D0%BE%D1%89%D0%B0%D0%B5%D1%82/1849053988?i=1849053989""]"
"https://aliktarraf.com/#catalog-trk-0158","КРАКЕН — ВІТО ШТОРМ ((VIP MIX))","[""КРАКЕН — ВІТО ШТОРМ (VIP MIX)""]","Alik Tarraf","[""https://aliktarraf.com/#alik-tarraf""]","QT6E82567761","PT4M42.4S","282400","https://aliktarraf.com/#catalog-sng-113-digital-release","КРАКЕН — ВІТО ШТОРМ ((VIP MIX))","Alik Tarraf","199749938153","2025-10-25","Published","1","TARRAF PRODUCTIONS","","[""https://music.apple.com/ua/album/%D0%BA%D1%80%D0%B0%D0%BA%D0%B5%D0%BD-%D0%B2%D1%96%D1%82%D0%BE-%D1%88%D1%82%D0%BE%D1%80%D0%BC-vip-mix/1849751237?i=1849751238""]"
"https://aliktarraf.com/#catalog-trk-0159","ПІСНЯ КРАКЕН — ВІТО ШТОРМ","[]","Alik Tarraf","[""https://aliktarraf.com/#alik-tarraf""]","QT6E72527928","PT4M43.6S","283600","https://aliktarraf.com/#catalog-sng-114-digital-release","ПІСНЯ КРАКЕН — ВІТО ШТОРМ","Alik Tarraf","199748119218","2025-10-25","Published","1","TARRAF PRODUCTIONS","","[""https://music.apple.com/ua/album/%D0%BF%D1%96%D1%81%D0%BD%D1%8F-%D0%BA%D1%80%D0%B0%D0%BA%D0%B5%D0%BD-%D0%B2%D1%96%D1%82%D0%BE-%D1%88%D1%82%D0%BE%D1%80%D0%BC/1849142236?i=1849142243""]"
"https://aliktarraf.com/#catalog-trk-0160","Где Кончается Человек","[]","Alik Tarraf","[""https://aliktarraf.com/#alik-tarraf""]","QT6E82504500","PT2M59.84S","179840","https://aliktarraf.com/#catalog-sng-115-digital-release","Где Кончается Человек","Alik Tarraf","199749709517","2025-10-26","Published","1","TARRAF PRODUCTIONS","","[""https://music.apple.com/ua/album/%D0%B3%D0%B4%D0%B5-%D0%BA%D0%BE%D0%BD%D1%87%D0%B0%D0%B5%D1%82%D1%81%D1%8F-%D1%87%D0%B5%D0%BB%D0%BE%D0%B2%D0%B5%D0%BA/1849494012?i=1849494013""]"
"https://aliktarraf.com/#catalog-trk-0161","НЕ ГОНИ ФУФЛО","[]","Alik Tarraf","[""https://aliktarraf.com/#alik-tarraf""]","QT6E72580731","PT3M9.44S","189440","https://aliktarraf.com/#catalog-sng-116-digital-release","НЕ ГОНИ ФУФЛО","Alik Tarraf","199749849954","2025-10-26","Published","1","TARRAF PRODUCTIONS","","[""https://music.apple.com/ua/album/%D0%BD%D0%B5-%D0%B3%D0%BE%D0%BD%D0%B8-%D1%84%D1%83%D1%84%D0%BB%D0%BE/1849349554?i=1849349555""]"
"https://aliktarraf.com/#catalog-trk-0162","The Other Side","[]","Alik Tarraf","[""https://aliktarraf.com/#alik-tarraf""]","QT6E82591324","PT4M12.48S","252480","https://aliktarraf.com/#catalog-sng-117-digital-release","The Other Side","Alik Tarraf","199749343308","2025-10-27","Published","1","TARRAF PRODUCTIONS","","[""https://music.apple.com/ua/album/the-other-side/1849862152?i=1849862153""]"
"https://aliktarraf.com/#catalog-trk-0163","POLICE","[""Police"", ""ПОЛИСАЙ""]","Alik Tarraf","[""https://aliktarraf.com/#alik-tarraf""]","QT6E82542002","PT6M10.96S","370960","https://aliktarraf.com/#catalog-sng-118-digital-release","POLICE","Alik Tarraf","199749543050","2025-10-27","Published","1","TARRAF PRODUCTIONS","","[""https://music.apple.com/ua/album/police/1849622494?i=1849622500""]"
"https://aliktarraf.com/#catalog-trk-0164","NORA","[""NORA (feat. Marina Tarraf)""]","Alik Tarraf (feat. Marina Tarraf)","[""https://aliktarraf.com/#alik-tarraf""]","QT6E92567897","PT3M17S","197000","https://aliktarraf.com/#catalog-sng-119-digital-release","NORA","Alik Tarraf (feat. Marina Tarraf)","199749050473","2025-10-28","Published","1","TARRAF PRODUCTIONS","","[""https://music.apple.com/ua/album/nora-feat-marina-tarraf/1850118828?i=1850118859""]"
"https://aliktarraf.com/#catalog-trk-0165","ПАМЯТЬ","[]","Alik Tarraf","[""https://aliktarraf.com/#alik-tarraf""]","QT6EA2526339","PT3M34.6S","214600","https://aliktarraf.com/#catalog-sng-120-digital-release","ПАМЯТЬ","Alik Tarraf","199750780994","2025-10-29","Published","1","TARRAF PRODUCTIONS","","[""https://music.apple.com/ua/album/%D0%BF%D0%B0%D0%BC%D1%8F%D1%82%D1%8C/1850255600?i=1850255601""]"
"https://aliktarraf.com/#catalog-trk-0166","БРАТ ОНА БЕРЕМЕННА","[]","Alik Tarraf","[""https://aliktarraf.com/#alik-tarraf""]","QT6EA2554382","PT4M9.96S","249960","https://aliktarraf.com/#catalog-sng-121-digital-release","БРАТ ОНА БЕРЕМЕННА","Alik Tarraf","199750667622","2025-10-30","Published","1","TARRAF PRODUCTIONS","","[""https://music.apple.com/ua/album/%D0%B1%D1%80%D0%B0%D1%82-%D0%BE%D0%BD%D0%B0-%D0%B1%D0%B5%D1%80%D0%B5%D0%BC%D0%B5%D0%BD%D0%BD%D0%B0/1850340588?i=1850340589""]"
"https://aliktarraf.com/#catalog-trk-0167","Він Малює Світ","[]","Alik Tarraf","[""https://aliktarraf.com/#alik-tarraf""]","QT6EB2506047","PT3M30.96S","210960","https://aliktarraf.com/#catalog-sng-122-digital-release","Він Малює Світ","Alik Tarraf","199750455298","2025-10-30","Published","1","TARRAF PRODUCTIONS","","[""https://music.apple.com/ua/album/%D0%B2%D1%96%D0%BD-%D0%BC%D0%B0%D0%BB%D1%8E%D1%94-%D1%81%D0%B2%D1%96%D1%82/1850314697?i=1850314698""]"
"https://aliktarraf.com/#catalog-trk-0168","HALLOWEEN","[]","Alik Tarraf","[""https://aliktarraf.com/#alik-tarraf""]","QT6EB2599080","PT5M12.32S","312320","https://aliktarraf.com/#catalog-sng-123-digital-release","HALLOWEEN","Alik Tarraf","199750038354","2025-11-01","Published","1","TARRAF PRODUCTIONS","","[""https://music.apple.com/ua/album/halloween/1850896441?i=1850896442""]"
"https://aliktarraf.com/#catalog-trk-0169","Братва Не Спит","[]","Alik Tarraf","[""https://aliktarraf.com/#alik-tarraf""]","QT6EB2592278","PT4M18.96S","258960","https://aliktarraf.com/#catalog-sng-124-digital-release","Братва Не Спит","Alik Tarraf","199750068924","2025-11-01","Published","1","TARRAF PRODUCTIONS","","[""https://music.apple.com/ua/album/%D0%B1%D1%80%D0%B0%D1%82%D0%B2%D0%B0-%D0%BD%D0%B5-%D1%81%D0%BF%D0%B8%D1%82/1850873591?i=1850873742""]"
"https://aliktarraf.com/#catalog-trk-0170","Ad Vinculum","[]","Alik Tarraf","[""https://aliktarraf.com/#alik-tarraf""]","QT6EC2548482","PT4M22.56S","262560","https://aliktarraf.com/#catalog-sng-125-digital-release","Ad Vinculum","Alik Tarraf","199751799032","2025-11-02","Published","1","TARRAF PRODUCTIONS","","[""https://music.apple.com/ua/album/ad-vinculum/1850879934?i=1850879935""]"
"https://aliktarraf.com/#catalog-trk-0171","СЕРДЦЕЕДКА","[]","Alik Tarraf","[""https://aliktarraf.com/#alik-tarraf""]","QT6ED2520205","PT3M40.44S","220440","https://aliktarraf.com/#catalog-sng-126-digital-release","СЕРДЦЕЕДКА","Alik Tarraf","199751486697","2025-11-03","Published","1","TARRAF PRODUCTIONS","","[""https://music.apple.com/ua/album/%D1%81%D0%B5%D1%80%D0%B4%D1%86%D0%B5%D0%B5%D0%B4%D0%BA%D0%B0/1851179270?i=1851179271""]"
"https://aliktarraf.com/#catalog-trk-0172","Сухая Вода","[]","Alik Tarraf","[""https://aliktarraf.com/#alik-tarraf""]","QT6ED2514535","PT4M29.2S","269200","https://aliktarraf.com/#catalog-sng-127-digital-release","Сухая Вода","Alik Tarraf","199751500447","2025-11-03","Published","1","TARRAF PRODUCTIONS","","[""https://music.apple.com/ua/album/%D1%81%D1%83%D1%85%D0%B0%D1%8F-%D0%B2%D0%BE%D0%B4%D0%B0/1851157195?i=1851157196""]"
"https://aliktarraf.com/#catalog-trk-0173","ПАПА","[]","Alik Tarraf","[""https://aliktarraf.com/#alik-tarraf""]","QT6EE2520051","PT3M52.16S","232160","https://aliktarraf.com/#catalog-sng-128-digital-release","ПАПА","Alik Tarraf","199940998956","2025-11-04","Published","1","TARRAF PRODUCTIONS","","[""https://music.apple.com/ua/album/%D0%BF%D0%B0%D0%BF%D0%B0/1851767470?i=1851767471""]"
"https://aliktarraf.com/#catalog-trk-0174","Да … Нет","[""Да ... Нет""]","Alik Tarraf","[""https://aliktarraf.com/#alik-tarraf""]","QT6EE2580457","PT3M0.76S","180760","https://aliktarraf.com/#catalog-sng-129-digital-release","Да … Нет","Alik Tarraf","199953996604","2025-11-05","Published","1","TARRAF PRODUCTIONS","","[""https://music.apple.com/ua/album/%D0%B4%D0%B0-%D0%BD%D0%B5%D1%82/1851905150?i=1851905151""]"
"https://aliktarraf.com/#catalog-trk-0175","UKRAINE","[""UKRAINE (feat. Marina Tarraf)""]","Alik Tarraf (feat. Marina Tarraf)","[""https://aliktarraf.com/#alik-tarraf""]","QT6EF2541785","PT3M49.76S","229760","https://aliktarraf.com/#catalog-sng-130-digital-release","UKRAINE","Alik Tarraf (feat. Marina Tarraf)","199956747098","2025-11-06","Published","1","TARRAF PRODUCTIONS","","[""https://music.apple.com/ua/album/ukraine-feat-marina-tarraf/1852147702?i=1852147703""]"
"https://aliktarraf.com/#catalog-trk-0176","Совесть","[]","Alik Tarraf","[""https://aliktarraf.com/#alik-tarraf""]","QT6EF2516843","PT3M31.16S","211160","https://aliktarraf.com/#catalog-sng-131-digital-release","Совесть","Alik Tarraf","199956854468","2025-11-06","Published","1","TARRAF PRODUCTIONS","","[""https://music.apple.com/ua/album/%D1%81%D0%BE%D0%B2%D0%B5%D1%81%D1%82%D1%8C/1852055882?i=1852055884""]"
"https://aliktarraf.com/#catalog-trk-0177","HE PAINTS THE WORLD","[]","Alik Tarraf","[""https://aliktarraf.com/#alik-tarraf""]","QT6EG2530117","PT4M8.24S","248240","https://aliktarraf.com/#catalog-sng-132-digital-release","HE PAINTS THE WORLD","Alik Tarraf","199956329850","2025-11-07","Published","1","TARRAF PRODUCTIONS","","[""https://music.apple.com/ua/album/he-paints-the-world/1852521904?i=1852521905""]"
"https://aliktarraf.com/#catalog-trk-0178","ПОЛНЫЙ АВТОБУС БУРАТИН","[""Full (ПОЛНЫЙ АВТОБУС БУРАТИН)""]","Alik Tarraf","[""https://aliktarraf.com/#alik-tarraf""]","QT6ET2522351","PT5M6.52S","306520","https://aliktarraf.com/#catalog-sng-133-digital-release","ПОЛНЫЙ АВТОБУС БУРАТИН","Alik Tarraf","199955872593","2025-11-09","Published","1","TARRAF PRODUCTIONS","","[""https://music.apple.com/ua/album/full-%D0%BF%D0%BE%D0%BB%D0%BD%D1%8B%D0%B9-%D0%B0%D0%B2%D1%82%D0%BE%D0%B1%D1%83%D1%81-%D0%B1%D1%83%D1%80%D0%B0%D1%82%D0%B8%D0%BD/1852640449?i=1852640750""]"
"https://aliktarraf.com/#catalog-trk-0179","CODE OF SILENCE","[]","Alik Tarraf","[""https://aliktarraf.com/#alik-tarraf""]","QT6EU2504270","PT5M9.56S","309560","https://aliktarraf.com/#catalog-sng-134-digital-release","CODE OF SILENCE","Alik Tarraf","199955473660","2025-11-10","Published","1","TARRAF PRODUCTIONS","","[""https://music.apple.com/ua/album/code-of-silence/1853221639?i=1853221640""]"
"https://aliktarraf.com/#catalog-trk-0180","КОД ТИШІ","[]","Alik Tarraf","[""https://aliktarraf.com/#alik-tarraf""]","QT6ET2559362","PT4M49.92S","289920","https://aliktarraf.com/#catalog-sng-135-digital-release","КОД ТИШІ","Alik Tarraf","199955682536","2025-11-10","Published","1","TARRAF PRODUCTIONS","","[""https://music.apple.com/ua/album/%D0%BA%D0%BE%D0%B4-%D1%82%D0%B8%D1%88%D1%96/1853126203?i=1853126204""]"
"https://aliktarraf.com/#catalog-trk-0181","KPOB I BIPA / BLOOD AND FAITH","[""KPOB I BIPA/ BLOOD AND FAITH""]","Alik Tarraf","[""https://aliktarraf.com/#alik-tarraf""]","QT6EU2556523","PT4M44.96S","284960","https://aliktarraf.com/#catalog-sng-136-digital-release","KPOB I BIPA / BLOOD AND FAITH","Alik Tarraf","199955214348","2025-11-11","Published","1","TARRAF PRODUCTIONS","","[""https://music.apple.com/ua/album/kpob-i-bipa-blood-and-faith/1853220878?i=1853220880""]"
"https://aliktarraf.com/#catalog-trk-0182","BOOMERANG","[]","Alik Tarraf","[""https://aliktarraf.com/#alik-tarraf""]","QT6EV2526848","PT5M2.92S","302920","https://aliktarraf.com/#catalog-sng-137-digital-release","BOOMERANG","Alik Tarraf","199954873553","2025-11-12","Published","1","TARRAF PRODUCTIONS","","[""https://music.apple.com/ua/album/boomerang/1853410834?i=1853410835""]"
"https://aliktarraf.com/#catalog-trk-0183","THE CURE","[]","Alik Tarraf","[""https://aliktarraf.com/#alik-tarraf""]","QT6EW2510425","PT4M52.24S","292240","https://aliktarraf.com/#catalog-sng-138-digital-release","THE CURE","Alik Tarraf","199954510489","2025-11-13","Published","1","TARRAF PRODUCTIONS","","[""https://music.apple.com/ua/album/the-cure/1854023540?i=1854023541""]"
"https://aliktarraf.com/#catalog-trk-0184","RELEASE ME","[]","Alik Tarraf","[""https://aliktarraf.com/#alik-tarraf""]","QT6EX2543724","PT4M8.2S","248200","https://aliktarraf.com/#catalog-sng-139-digital-release","RELEASE ME","Alik Tarraf","199953870973","2025-11-15","Published","1","TARRAF PRODUCTIONS","","[""https://music.apple.com/ua/album/release-me/1854321938?i=1854321939""]"
"https://aliktarraf.com/#catalog-trk-0185","Матрица Лжи (Matrix of lies)","[]","Alik Tarraf","[""https://aliktarraf.com/#alik-tarraf""]","QT6EX2564595","PT4M58S","298000","https://aliktarraf.com/#catalog-sng-140-digital-release","Матрица Лжи (Matrix of lies)","Alik Tarraf","199953749859","2025-11-16","Published","1","TARRAF PRODUCTIONS","","[""https://music.apple.com/ua/album/%D0%BC%D0%B0%D1%82%D1%80%D0%B8%D1%86%D0%B0-%D0%BB%D0%B6%D0%B8-matrix-of-lies/1854398185?i=1854398188""]"
"https://aliktarraf.com/#catalog-trk-0186","ANIMALS","[]","Alik Tarraf","[""https://aliktarraf.com/#alik-tarraf""]","QT6EY2550384","PT5M52.84S","352840","https://aliktarraf.com/#catalog-sng-141-digital-release","ANIMALS","Alik Tarraf","199953326517","2025-11-17","Published","1","TARRAF PRODUCTIONS","","[]"
"https://aliktarraf.com/#catalog-trk-0187","Храм Любви","[]","Alik Tarraf","[""https://aliktarraf.com/#alik-tarraf""]","QT6EY2542949","PT3M45.92S","225920","https://aliktarraf.com/#catalog-sng-142-digital-release","Храм Любви","Alik Tarraf","199953371548","2025-11-17","Published","1","TARRAF PRODUCTIONS","","[""https://music.apple.com/ua/album/%D1%85%D1%80%D0%B0%D0%BC-%D0%BB%D1%8E%D0%B1%D0%B2%D0%B8/1854941377?i=1854941378""]"
"https://aliktarraf.com/#catalog-trk-0188","Не Стыдно Падать","[]","Alik Tarraf","[""https://aliktarraf.com/#alik-tarraf""]","QT6EZ2529225","PT4M34.92S","274920","https://aliktarraf.com/#catalog-sng-143-digital-release","Не Стыдно Падать","Alik Tarraf","199952937097","2025-11-18","Published","1","TARRAF PRODUCTIONS","","[""https://music.apple.com/ua/album/%D0%BD%D0%B5-%D1%81%D1%82%D1%8B%D0%B4%D0%BD%D0%BE-%D0%BF%D0%B0%D0%B4%D0%B0%D1%82%D1%8C/1855113664?i=1855113846""]"
"https://aliktarraf.com/#catalog-trk-0189","Это ты Это я","[]","Alik Tarraf","[""https://aliktarraf.com/#alik-tarraf""]","QT6EY2596195","PT3M22.28S","202280","https://aliktarraf.com/#catalog-sng-144-digital-release","Это ты Это я","Alik Tarraf","199953125486","2025-11-18","Published","1","TARRAF PRODUCTIONS","","[""https://music.apple.com/ua/album/%D1%8D%D1%82%D0%BE-%D1%82%D1%8B-%D1%8D%D1%82%D0%BE-%D1%8F/1855078336?i=1855078337""]"
"https://aliktarraf.com/#catalog-trk-0190","Свет во мне","[]","Alik Tarraf","[""https://aliktarraf.com/#alik-tarraf""]","QT6F32506966","PT4M54.849S","294849","https://aliktarraf.com/#catalog-sng-145-digital-release","Свет во мне","Alik Tarraf","199951952558","2025-11-21","Published","1","TARRAF PRODUCTIONS","","[""https://music.apple.com/ua/album/%D1%81%D0%B2%D0%B5%D1%82-%D0%B2%D0%BE-%D0%BC%D0%BD%D0%B5/1855523521?i=1855523522""]"
"https://aliktarraf.com/#catalog-trk-0191","Колючий, но родной","[]","Alik Tarraf","[""https://aliktarraf.com/#alik-tarraf""]","QT6F32560639","PT4M51.963S","291963","https://aliktarraf.com/#catalog-sng-146-digital-release","Колючий, но родной","Alik Tarraf","199951687337","2025-11-22","Published","1","TARRAF PRODUCTIONS","","[""https://music.apple.com/ua/album/%D0%BA%D0%BE%D0%BB%D1%8E%D1%87%D0%B8%D0%B9-%D0%BD%D0%BE-%D1%80%D0%BE%D0%B4%D0%BD%D0%BE%D0%B9/1855559882?i=1855559888""]"
"https://aliktarraf.com/#catalog-trk-0192","Spotify (soundtrack)","[""Spotify""]","Alik Tarraf","[""https://aliktarraf.com/#alik-tarraf""]","QT6F52561642","PT2M37.285S","157285","https://aliktarraf.com/#catalog-sng-147-digital-release","Spotify (soundtrack)","Alik Tarraf","199951307655","2025-11-23","Published","1","TARRAF PRODUCTIONS","","[""https://music.apple.com/ua/album/spotify/1856275541?i=1856275542""]"
"https://aliktarraf.com/#catalog-trk-0193","WORDS","[]","Marina Tarraf","[""https://aliktarraf.com/#marina-tarraf""]","QT6F42534566","PT5M54.522S","354522","https://aliktarraf.com/#catalog-sng-148-digital-release","WORDS","Marina Tarraf","199951361480","2025-11-23","Published","1","TARRAF PRODUCTIONS","","[""https://music.apple.com/ua/album/words/1856089287?i=1856089288""]"
"https://aliktarraf.com/#catalog-trk-0194","Слова","[]","Marina Tarraf","[""https://aliktarraf.com/#marina-tarraf""]","QT6F52509695","PT5M7.842S","307842","https://aliktarraf.com/#catalog-sng-149-digital-release","Слова","Marina Tarraf","199949999626","2025-11-24","Published","1","TARRAF PRODUCTIONS","","[""https://music.apple.com/ua/album/%D1%81%D0%BB%D0%BE%D0%B2%D0%B0/1856363847?i=1856363849""]"
"https://aliktarraf.com/#catalog-trk-0195","ПРАВДА","[]","Alik Tarraf","[""https://aliktarraf.com/#alik-tarraf""]","QT6F72520888","PT4M42.64S","282640","https://aliktarraf.com/#catalog-sng-150-digital-release","ПРАВДА","Alik Tarraf","199949067820","2025-11-27","Published","1","TARRAF PRODUCTIONS","","[""https://music.apple.com/ua/album/%D0%BF%D1%80%D0%B0%D0%B2%D0%B4%D0%B0/1856799000?i=1856799001""]"
"https://aliktarraf.com/#catalog-trk-0196","Monsters","[""Monsters (feat. Marina Tarraf)""]","Alik Tarraf (feat. Marina Tarraf)","[""https://aliktarraf.com/#alik-tarraf""]","QT6F22539752","PT3M37.365S","217365","https://aliktarraf.com/#catalog-sng-151-digital-release","Monsters","Alik Tarraf (feat. Marina Tarraf)","199952305674","2025-11-28","Published","1","TARRAF PRODUCTIONS","","[""https://music.apple.com/ua/album/monsters-feat-marina-tarraf/1855373301?i=1855373302""]"
"https://aliktarraf.com/#catalog-trk-0197","ГІМН ЛЮБОВІ","[""ГIMH ЛЮБОВІ""]","Marina Tarraf","[""https://aliktarraf.com/#marina-tarraf""]","QT6F72590802","PT5M13.202S","313202","https://aliktarraf.com/#catalog-sng-152-digital-release","ГІМН ЛЮБОВІ","Marina Tarraf","199948759245","2025-11-28","Published","1","TARRAF PRODUCTIONS","","[""https://music.apple.com/ua/album/%D0%B3imh-%D0%BB%D1%8E%D0%B1%D0%BE%D0%B2%D1%96/1857238901?i=1857238902""]"
"https://aliktarraf.com/#catalog-trk-0198","После Жизни","[]","Alik Tarraf","[""https://aliktarraf.com/#alik-tarraf""]","QT6F82569652","PT3M3.762S","183762","https://aliktarraf.com/#catalog-sng-153-digital-release","После Жизни","Alik Tarraf","199948375773","2025-11-29","Published","1","TARRAF PRODUCTIONS","","[""https://music.apple.com/ua/album/%D0%BF%D0%BE%D1%81%D0%BB%D0%B5-%D0%B6%D0%B8%D0%B7%D0%BD%D0%B8/1857312116?i=1857312118""]"
"https://aliktarraf.com/#catalog-trk-0199","Жизнь это Ринг","[]","Alik Tarraf","[""https://aliktarraf.com/#alik-tarraf""]","QT6FE2539776","PT4M46.726S","286726","https://aliktarraf.com/#catalog-sng-154-digital-release","Жизнь это Ринг","Alik Tarraf","199946818388","2025-12-03","Published","1","TARRAF PRODUCTIONS","","[""https://music.apple.com/ua/album/%D0%B6%D0%B8%D0%B7%D0%BD%D1%8C-%D1%8D%D1%82%D0%BE-%D1%80%D0%B8%D0%BD%D0%B3/1858364654?i=1858364655""]"
"https://aliktarraf.com/#catalog-trk-0200","NO LIMIT ANIMAL MODE","[]","Marina Tarraf","[""https://aliktarraf.com/#marina-tarraf""]","QT6FE2548157","PT4M5.808S","245808","https://aliktarraf.com/#catalog-sng-155-digital-release","NO LIMIT ANIMAL MODE","Marina Tarraf","199946783778","2025-12-04","Published","1","TARRAF PRODUCTIONS","","[""https://music.apple.com/ua/album/no-limit-animal-mode/1858401299?i=1858401300""]"
"https://aliktarraf.com/#catalog-trk-0201","А что если - это Сны?","[]","Alik Tarraf","[""https://aliktarraf.com/#alik-tarraf""]","QT6FE2583599","PT4M29.968S","269968","https://aliktarraf.com/#catalog-sng-156-digital-release","А что если - это Сны?","Alik Tarraf","199946637958","2025-12-04","Published","1","TARRAF PRODUCTIONS","","[""https://music.apple.com/ua/album/%D0%B0-%D1%87%D1%82%D0%BE-%D0%B5%D1%81%D0%BB%D0%B8-%D1%8D%D1%82%D0%BE-%D1%81%D0%BD%D1%8B/1858497892?i=1858497893""]"
"https://aliktarraf.com/#catalog-trk-0202","ЛЮБОВЬ РЕЗНЯ","[]","Alik Tarraf","[""https://aliktarraf.com/#alik-tarraf""]","QT6FE2551286","PT5M32.801S","332801","https://aliktarraf.com/#catalog-sng-157-digital-release","ЛЮБОВЬ РЕЗНЯ","Alik Tarraf","199946769482","2025-12-04","Published","1","TARRAF PRODUCTIONS","","[""https://music.apple.com/ua/album/%D0%BB%D1%8E%D0%B1%D0%BE%D0%B2%D1%8C-%D1%80%D0%B5%D0%B7%D0%BD%D1%8F/1858409739?i=1858409740""]"
"https://aliktarraf.com/#catalog-trk-0203","КАЧЕЛІ ((UA Version))","[""КАЧЕЛІ (UA Version)""]","Alik Tarraf","[""https://aliktarraf.com/#alik-tarraf""]","QT6FF2584414","PT4M29.568S","269568","https://aliktarraf.com/#catalog-sng-158-digital-release","КАЧЕЛІ ((UA Version))","Alik Tarraf","199946180348","2025-12-05","Published","1","TARRAF PRODUCTIONS","","[""https://music.apple.com/ua/album/%D0%BA%D0%B0%D1%87%D0%B5%D0%BB%D1%96-ua-version/1858929495?i=1858929496""]"
"https://aliktarraf.com/#catalog-trk-0204","Хочу Люблю Живу","[]","Alik Tarraf","[""https://aliktarraf.com/#alik-tarraf""]","QT6FH2505815","PT4M8.726S","248726","https://aliktarraf.com/#catalog-sng-159-digital-release","Хочу Люблю Живу","Alik Tarraf","199945630929","2025-12-07","Published","1","TARRAF PRODUCTIONS","","[""https://music.apple.com/ua/album/%D1%85%D0%BE%D1%87%D1%83-%D0%BB%D1%8E%D0%B1%D0%BB%D1%8E-%D0%B6%D0%B8%D0%B2%D1%83/1859324464?i=1859324465""]"
"https://aliktarraf.com/#catalog-trk-0205","EISENHERZ","[]","Alik Tarraf","[""https://aliktarraf.com/#alik-tarraf""]","QT6FL2567189","PT4M6.965S","246965","https://aliktarraf.com/#catalog-sng-160-digital-release","EISENHERZ","Alik Tarraf","199943938454","2025-12-12","Published","1","TARRAF PRODUCTIONS","","[""https://music.apple.com/ua/album/eisenherz/1860727179?i=1860727180""]"
"https://aliktarraf.com/#catalog-trk-0206","HAPPY NEW YEAR WORLD","[]","Alik Tarraf","[""https://aliktarraf.com/#alik-tarraf""]","QT6FP2505649","PT4M44.882S","284882","https://aliktarraf.com/#catalog-sng-161-digital-release","HAPPY NEW YEAR WORLD","Alik Tarraf","199943304181","2025-12-14","Published","1","TARRAF PRODUCTIONS","","[""https://music.apple.com/ua/album/happy-new-year-world/1861190030?i=1861190031""]"
"https://aliktarraf.com/#catalog-trk-0207","Ty Angel ya Demon","[]","Alik Tarraf","[""https://aliktarraf.com/#alik-tarraf""]","QT6FP2502129","PT3M26.562S","206562","https://aliktarraf.com/#catalog-sng-162-digital-release","Ty Angel ya Demon","Alik Tarraf","199943304211","2025-12-14","Published","1","TARRAF PRODUCTIONS","","[""https://music.apple.com/ua/album/ty-angel-ya-demon/1861182124?i=1861182125""]"
"https://aliktarraf.com/#catalog-trk-0208","ДУША","[]","Alik Tarraf","[""https://aliktarraf.com/#alik-tarraf""]","QT6F92592333","PT4M34.966S","274966","https://aliktarraf.com/#catalog-sng-163-digital-release","ДУША","Alik Tarraf","199947581687","2025-12-15","Published","1","TARRAF PRODUCTIONS","","[""https://music.apple.com/ua/album/%D0%B4%D1%83%D1%88%D0%B0/1857687231?i=1857687232""]"
"https://aliktarraf.com/#catalog-trk-0209","REBORN IN FIRE","[]","Alik Tarraf","[""https://aliktarraf.com/#alik-tarraf""]","QT6EZ2542620","PT4M52.16S","292160","https://aliktarraf.com/#catalog-sng-164-digital-release","REBORN IN FIRE","Alik Tarraf","199952858736","2025-12-16","Published","1","TARRAF PRODUCTIONS","","[""https://music.apple.com/ua/album/reborn-in-fire/1855149863?i=1855149864""]"
"https://aliktarraf.com/#catalog-trk-0210","Я Свет Он Тень","[]","Marina Tarraf","[""https://aliktarraf.com/#marina-tarraf""]","QT6FE2543628","PT4M57.522S","297522","https://aliktarraf.com/#catalog-sng-165-digital-release","Я Свет Он Тень","Marina Tarraf","199946812768","2025-12-19","Published","1","TARRAF PRODUCTIONS","","[""https://music.apple.com/ua/album/%D1%8F-%D1%81%D0%B2%D0%B5%D1%82-%D0%BE%D0%BD-%D1%82%D0%B5%D0%BD%D1%8C/1858377925?i=1858377926""]"
"https://aliktarraf.com/#catalog-trk-0211","AMERICAN DREAMS","[]","Alik Tarraf","[""https://aliktarraf.com/#alik-tarraf""]","QT6G52547940","PT4M36.282S","276282","https://aliktarraf.com/#catalog-sng-166-digital-release","AMERICAN DREAMS","Alik Tarraf","199940314213","2025-12-22","Published","1","TARRAF PRODUCTIONS","","[""https://music.apple.com/ua/album/american-dreams/1863496259?i=1863496260""]"
"https://aliktarraf.com/#catalog-trk-0212","ЦЫГАНСКАЯ ДУША","[]","Alik Tarraf","[""https://aliktarraf.com/#alik-tarraf""]","QT6G62556719","PT4M19.769S","259769","https://aliktarraf.com/#catalog-sng-167-digital-release","ЦЫГАНСКАЯ ДУША","Alik Tarraf","199939868369","2025-12-23","Published","1","TARRAF PRODUCTIONS","","[""https://music.apple.com/ua/album/%D1%86%D1%8B%D0%B3%D0%B0%D0%BD%D1%81%D0%BA%D0%B0%D1%8F-%D0%B4%D1%83%D1%88%D0%B0/1863880905?i=1863880906""]"
"https://aliktarraf.com/#catalog-trk-0213","НИКТО КРОМЕ НАС","[]","Alik Tarraf","[""https://aliktarraf.com/#alik-tarraf""]","QT6G72538692","PT3M57.486S","237486","https://aliktarraf.com/#catalog-sng-168-digital-release","НИКТО КРОМЕ НАС","Alik Tarraf","199939527679","2025-12-24","Published","1","TARRAF PRODUCTIONS","","[""https://music.apple.com/ua/album/%D0%BD%D0%B8%D0%BA%D1%82%D0%BE-%D0%BA%D1%80%D0%BE%D0%BC%D0%B5-%D0%BD%D0%B0%D1%81/1864174737?i=1864174738""]"
"https://aliktarraf.com/#catalog-trk-0214","КУПИ БИЛЕТ","[]","Alik Tarraf","[""https://aliktarraf.com/#alik-tarraf""]","QT6G72585854","PT3M54.003S","234003","https://aliktarraf.com/#catalog-sng-169-digital-release","КУПИ БИЛЕТ","Alik Tarraf","199939309817","2025-12-25","Published","1","TARRAF PRODUCTIONS","","[""https://music.apple.com/ua/album/%D0%BA%D1%83%D0%BF%D0%B8-%D0%B1%D0%B8%D0%BB%D0%B5%D1%82/1864248958?i=1864248959""]"
"https://aliktarraf.com/#catalog-trk-0215","STILL YOURS","[]","Alik Tarraf, Marina Tarraf","[""https://aliktarraf.com/#alik-tarraf"", ""https://aliktarraf.com/#marina-tarraf""]","QT6HK2556744","PT4M53.082S","293082","https://aliktarraf.com/#catalog-sng-170-digital-release","STILL YOURS","Alik Tarraf, Marina Tarraf","199937820109","2025-12-29","Published","1","TARRAF PRODUCTIONS","","[""https://music.apple.com/ua/album/still-yours/1865374436?i=1865374437""]"
"https://aliktarraf.com/#catalog-trk-0216","I’M ALIVE","[""I'M ALIVE""]","Alik Tarraf","[""https://aliktarraf.com/#alik-tarraf""]","QT6HL2521340","PT4M11.962S","251962","https://aliktarraf.com/#catalog-sng-171-digital-release","I’M ALIVE","Alik Tarraf","199937530510","2025-12-30","Published","1","TARRAF PRODUCTIONS","","[""https://music.apple.com/ua/album/im-alive/1865503892?i=1865503893""]"
"https://aliktarraf.com/#catalog-trk-0217","С НОВЫМ ГОДОМ МИР","[]","Marina Tarraf (feat. Alik Tarraf)","[""https://aliktarraf.com/#marina-tarraf""]","QT6HL2591257","PT4M14.003S","254003","https://aliktarraf.com/#catalog-sng-172-digital-release","С НОВЫМ ГОДОМ МИР","Marina Tarraf (feat. Alik Tarraf)","199937349631","2025-12-31","Published","1","TARRAF PRODUCTIONS","","[]"
"https://aliktarraf.com/#catalog-trk-0218","Don’t speak","[""Don't speak""]","Alik Tarraf","[""https://aliktarraf.com/#alik-tarraf""]","QZFYX2677356","PT3M26.243S","206243","https://aliktarraf.com/#catalog-sng-173-digital-release","Don’t speak","Alik Tarraf","199936670354","2026-01-02","Published","1","TARRAF PRODUCTIONS","","[""https://music.apple.com/ua/album/dont-speak/1865910363?i=1865910364""]"
"https://aliktarraf.com/#catalog-trk-0219","LIFE RACING (soundtrack)","[""LIFE RACING""]","Alik Tarraf","[""https://aliktarraf.com/#alik-tarraf""]","QZFYY2651675","PT2M9.968S","129968","https://aliktarraf.com/#catalog-sng-174-digital-release","LIFE RACING (soundtrack)","Alik Tarraf","199936378489","2026-01-02","Published","1","TARRAF PRODUCTIONS","","[""https://music.apple.com/ua/album/life-racing/1866130028?i=1866130029""]"
"https://aliktarraf.com/#catalog-trk-0220","ASH REMEMBERS","[]","Alik Tarraf","[""https://aliktarraf.com/#alik-tarraf""]","QZFYZ2616937","PT3M37.284S","217284","https://aliktarraf.com/#catalog-sng-175-digital-release","ASH REMEMBERS","Alik Tarraf","199936085394","2026-01-03","Published","1","TARRAF PRODUCTIONS","","[""https://music.apple.com/ua/album/ash-remembers/1866253528?i=1866253529""]"
"https://aliktarraf.com/#catalog-trk-0221","STAY","[]","Alik Tarraf","[""https://aliktarraf.com/#alik-tarraf""]","QZFYZ2670515","PT6M32.602S","392602","https://aliktarraf.com/#catalog-sng-176-digital-release","STAY","Alik Tarraf","199935827469","2026-01-04","Published","1","TARRAF PRODUCTIONS","","[""https://music.apple.com/ua/album/stay/1866358286?i=1866358287""]"
"https://aliktarraf.com/#catalog-trk-0222","Syria-سوريا","[""سوريا (Syria)""]","Alik Tarraf","[""https://aliktarraf.com/#alik-tarraf""]","QZFZ32649205","PT5M28.085S","328085","https://aliktarraf.com/#catalog-sng-177-digital-release","Syria-سوريا","Alik Tarraf","199935071213","2026-01-06","Published","1","TARRAF PRODUCTIONS","","[""https://music.apple.com/ua/album/%D8%B3%D9%88%D8%B1%D9%8A%D8%A7-syria/1866862695?i=1866862696""]"
"https://aliktarraf.com/#catalog-trk-0223","ПОПЛАЧЬ НА МОЕЙ ГРУДИ","[]","Alik Tarraf","[""https://aliktarraf.com/#alik-tarraf""]","QZFZ62631227","PT4M33.083S","273083","https://aliktarraf.com/#catalog-sng-178-digital-release","ПОПЛАЧЬ НА МОЕЙ ГРУДИ","Alik Tarraf","821451719781","2026-01-08","Published","1","TARRAF PRODUCTIONS","","[""https://music.apple.com/ua/album/%D0%BF%D0%BE%D0%BF%D0%BB%D0%B0%D1%87%D1%8C-%D0%BD%D0%B0-%D0%BC%D0%BE%D0%B5%D0%B9-%D0%B3%D1%80%D1%83%D0%B4%D0%B8/1867601966?i=1867601967""]"
"https://aliktarraf.com/#catalog-trk-0224","ЭТО МЕЛОЧИ","[]","Alik Tarraf","[""https://aliktarraf.com/#alik-tarraf""]","QZFZ62683800","PT3M54.969S","234969","https://aliktarraf.com/#catalog-sng-179-digital-release","ЭТО МЕЛОЧИ","Alik Tarraf","821451719811","2026-01-08","Published","1","TARRAF PRODUCTIONS","","[""https://music.apple.com/ua/album/%D1%8D%D1%82%D0%BE-%D0%BC%D0%B5%D0%BB%D0%BE%D1%87%D0%B8/1867807252?i=1867807254""]"
"https://aliktarraf.com/#catalog-trk-0225","AFTER MIDNIGHT / INSTINCT MODE","[]","Marina Tarraf (feat. Alik Tarraf)","[""https://aliktarraf.com/#marina-tarraf""]","QZFZ62683941","PT6M2.965S","362965","https://aliktarraf.com/#catalog-sng-180-digital-release","AFTER MIDNIGHT / INSTINCT MODE","Marina Tarraf (feat. Alik Tarraf)","821550870789","2026-01-09","Published","1","TARRAF PRODUCTIONS","","[]"
"https://aliktarraf.com/#catalog-trk-0226","ЧОМУ Я БЕЗ ДОМУ","[""ЧОМУ Я БЕЗ ДОМУ (feat. Aliana Tarraf)""]","Marina Tarraf (feat. Aliana Tarraf)","[""https://aliktarraf.com/#marina-tarraf""]","QZDA42690879","PT3M24.967S","204967","https://aliktarraf.com/#catalog-sng-181-digital-release","ЧОМУ Я БЕЗ ДОМУ","Marina Tarraf (feat. Aliana Tarraf)","821550100572","2026-01-11","Published","1","TARRAF PRODUCTIONS","","[""https://music.apple.com/ua/album/%D1%87%D0%BE%D0%BC%D1%83-%D1%8F-%D0%B1%D0%B5%D0%B7-%D0%B4%D0%BE%D0%BC%D1%83-feat-aliana-tarraf/1868550078?i=1868550559""]"
"https://aliktarraf.com/#catalog-trk-0227","DICTATOR MODE","[]","Marina Tarraf (feat. Alik Tarraf)","[""https://aliktarraf.com/#marina-tarraf""]","QZDA42696455","PT5M20.452S","320452","https://aliktarraf.com/#catalog-sng-182-digital-release","DICTATOR MODE","Marina Tarraf (feat. Alik Tarraf)","821530772225","2026-01-12","Published","1","TARRAF PRODUCTIONS","","[]"
"https://aliktarraf.com/#catalog-trk-0228","I'M HUNGRY","[""I’M HUNGRY""]","Alik Tarraf","[""https://aliktarraf.com/#alik-tarraf""]","QZDA42650506","PT4M16.967S","256967","https://aliktarraf.com/#catalog-sng-183-digital-release","I'M HUNGRY","Alik Tarraf","821530774205","2026-01-12","Published","1","TARRAF PRODUCTIONS","","[""https://music.apple.com/ua/album/im-hungry/1868323012?i=1868323013""]"
"https://aliktarraf.com/#catalog-trk-0229","Тарраф продакшинс поздравляет с Новым Годом","[]","Alik Tarraf","[""https://aliktarraf.com/#alik-tarraf""]","QZFZ42614354","PT5M6.768S","306768","https://aliktarraf.com/#catalog-sng-184-digital-release","Тарраф продакшинс поздравляет с Новым Годом","Alik Tarraf","199934754469","2026-01-13","Published","1","TARRAF PRODUCTIONS","","[""https://music.apple.com/ua/album/%D1%82%D0%B0%D1%80%D1%80%D0%B0%D1%84-%D0%BF%D1%80%D0%BE%D0%B4%D0%B0%D0%BA%D1%88%D0%B8%D0%BD%D1%81-%D0%BF%D0%BE%D0%B7%D0%B4%D1%80%D0%B0%D0%B2%D0%BB%D1%8F%D0%B5%D1%82-%D1%81-%D0%BD%D0%BE%D0%B2%D1%8B%D0%BC-%D0%B3%D0%BE%D0%B4%D0%BE%D0%BC/1867101626?i=1867101627""]"
"https://aliktarraf.com/#catalog-trk-0230","TARRAF LIVE SHOW (Live)","[]","Alik Tarraf","[""https://aliktarraf.com/#alik-tarraf""]","QZHN62624144","PT2M58.162S","178162","https://aliktarraf.com/#catalog-sng-185-digital-release","TARRAF LIVE SHOW (Live)","Alik Tarraf","821473229817","2026-01-27","Published","1","TARRAF PRODUCTIONS","","[]"
"https://aliktarraf.com/#catalog-trk-0231","THE END","[]","Alik Tarraf & Marina Tarraf","[""https://aliktarraf.com/#alik-tarraf"", ""https://aliktarraf.com/#marina-tarraf""]","QZHN62632358","PT4M46.169S","286169","https://aliktarraf.com/#catalog-sng-186-digital-release","THE END","Alik Tarraf & Marina Tarraf","821473216367","2026-02-07","Published","1","TARRAF PRODUCTIONS","","[]"
"https://aliktarraf.com/#catalog-trk-0232","GOODBYE","[]","Marina Tarraf (feat. Alik Tarraf)","[""https://aliktarraf.com/#marina-tarraf""]","QZHNA2677833","PT4M16.72S","256720","https://aliktarraf.com/#catalog-sng-187-digital-release","GOODBYE","Marina Tarraf (feat. Alik Tarraf)","821460245240","2026-02-12","Published","1","TARRAF PRODUCTIONS","","[]"
"https://aliktarraf.com/#catalog-trk-0233","Не продавай себя","[]","Marina Tarraf (feat. Alik Tarraf)","[""https://aliktarraf.com/#marina-tarraf""]","QZK6F2691254","PT5M4.963S","304963","https://aliktarraf.com/#catalog-sng-188-digital-release","Не продавай себя","Marina Tarraf (feat. Alik Tarraf)","821317236131","2026-02-27","Published","1","TARRAF PRODUCTIONS","","[]"
"https://aliktarraf.com/#catalog-trk-0234","Continuity / Мы- Переход [Manifesto]","[""Continuity / Мы- Переход (feat. Alik Tarraf) [Manifesto]""]","Marina Tarraf (feat. Alik Tarraf)","[""https://aliktarraf.com/#marina-tarraf""]","QZMEP2665142","PT4M4.96S","244960","https://aliktarraf.com/#catalog-sng-189-digital-release","Continuity / Мы- Переход [Manifesto]","Marina Tarraf (feat. Alik Tarraf)","821300929286","2026-02-28","Published","1","TARRAF PRODUCTIONS","","[""https://music.apple.com/ua/album/continuity-%D0%BC%D1%8B-%D0%BF%D0%B5%D1%80%D0%B5%D1%85%D0%BE%D0%B4-feat-alik-tarraf-manifesto/1880048964?i=1880048965""]"
"https://aliktarraf.com/#catalog-trk-0235","Детская боль","[]","Alik Tarraf (feat. Marina Tarraf)","[""https://aliktarraf.com/#alik-tarraf""]","QZTAS2690128","PT4M7.12S","247120","https://aliktarraf.com/#catalog-sng-190-digital-release","Детская боль","Alik Tarraf (feat. Marina Tarraf)","825715730314","2026-03-21","Published","1","TARRAF PRODUCTIONS","","[]"
"https://aliktarraf.com/#catalog-trk-0236","Я не став поганим","[]","Alik Tarraf","[""https://aliktarraf.com/#alik-tarraf""]","QZTB72616159","PT5M32.64S","332640","https://aliktarraf.com/#catalog-sng-191-digital-release","Я не став поганим","Alik Tarraf","825626325975","2026-04-04","Published","1","TARRAF PRODUCTIONS","","[""https://music.apple.com/ae/album/1890473446""]"
"https://aliktarraf.com/#catalog-trk-0237","Bèsame, Ya habibi","[""Bèsame, Ya habibi (feat. Marina Tarraf)""]","Alik Tarraf (feat. Marina Tarraf)","[""https://aliktarraf.com/#alik-tarraf""]","QZTB82636905","PT5M34.12S","334120","https://aliktarraf.com/#catalog-sng-192-digital-release","Bèsame, Ya habibi","Alik Tarraf (feat. Marina Tarraf)","825626671508","2026-04-07","Published","1","TARRAF PRODUCTIONS","","[""https://music.apple.com/ae/album/1890792555"", ""https://music.apple.com/ua/album/b%C3%A8same-ya-habibi-feat-marina-tarraf/1890792555?i=1890792556""]"
"https://aliktarraf.com/#catalog-trk-0238","Ignis in me","[]","Alik Tarraf","[""https://aliktarraf.com/#alik-tarraf""]","QZTB92656644","PT5M52.76S","352760","https://aliktarraf.com/#catalog-sng-193-digital-release","Ignis in me","Alik Tarraf","825583082898","2026-04-09","Published","1","TARRAF PRODUCTIONS","","[""https://music.apple.com/ae/album/1891327527""]"
"https://aliktarraf.com/#catalog-trk-0239","Буллинг","[""Буллинг (feat. Alik Tarraf)""]","Marina Tarraf (feat. Alik Tarraf)","[""https://aliktarraf.com/#marina-tarraf""]","QZTBA2623452","PT3M38.16S","218160","https://aliktarraf.com/#catalog-sng-194-digital-release","Буллинг","Marina Tarraf (feat. Alik Tarraf)","825583066386","2026-04-12","Published","1","TARRAF PRODUCTIONS","","[""https://music.apple.com/ae/album/1891230588"", ""https://music.apple.com/ua/album/%D0%B1%D1%83%D0%BB%D0%BB%D0%B8%D0%BD%D0%B3-feat-alik-tarraf/1891230588?i=1891230589""]"
"https://aliktarraf.com/#catalog-trk-0240","Más Cerca / Closer [PART II]","[]","Marina Tarraf (feat. Alik Tarraf)","[""https://aliktarraf.com/#marina-tarraf""]","QZTB52684532","PT3M38.52S","218520","https://aliktarraf.com/#catalog-sng-195-digital-release","Más Cerca / Closer [PART II]","Marina Tarraf (feat. Alik Tarraf)","825628112610","2026-04-15","Published","1","TARRAF PRODUCTIONS","","[]"
"https://aliktarraf.com/#catalog-trk-0241","Позвони родителям","[""Позвони родителям (feat. Marina Tarraf)""]","Alik Tarraf","[""https://aliktarraf.com/#alik-tarraf""]","QZWFF2662937","PT6M12.68S","372680","https://aliktarraf.com/#catalog-sng-196-digital-release","Позвони родителям","Alik Tarraf","825484105085","2026-04-17","Published","1","TARRAF PRODUCTIONS","","[""https://music.apple.com/ae/album/1894303328"", ""https://music.apple.com/ua/album/%D0%BF%D0%BE%D0%B7%D0%B2%D0%BE%D0%BD%D0%B8-%D1%80%D0%BE%D0%B4%D0%B8%D1%82%D0%B5%D0%BB%D1%8F%D0%BC-feat-marina-tarraf/1894303328?i=1894303329""]"
"https://aliktarraf.com/#catalog-trk-0242","Desert Dominus","[]","Alik Tarraf (feat. Marina Tarraf)","[""https://aliktarraf.com/#alik-tarraf""]","QZWFF2663284","PT6M18.12S","378120","https://aliktarraf.com/#catalog-sng-197-digital-release","Desert Dominus","Alik Tarraf (feat. Marina Tarraf)","825484097878","2026-04-18","Published","1","TARRAF PRODUCTIONS","","[""https://music.apple.com/ae/album/1893456889""]"
"https://aliktarraf.com/#catalog-trk-0243","Ой, не спи","[]","Alik Tarraf","[""https://aliktarraf.com/#alik-tarraf""]","QZTBF2666514","PT4M55.88S","295880","https://aliktarraf.com/#catalog-sng-198-digital-release","Ой, не спи","Alik Tarraf","825484093344","2026-04-19","Published","1","TARRAF PRODUCTIONS","","[""https://music.apple.com/ae/album/1892892334""]"
"https://aliktarraf.com/#catalog-trk-0244","Переплавленный","[]","Alik Tarraf","[""https://aliktarraf.com/#alik-tarraf""]","QZWFQ2609364","PT6M5.24S","365240","https://aliktarraf.com/#catalog-sng-199-digital-release","Переплавленный","Alik Tarraf","825353086262","2026-04-29","Published","1","TARRAF PRODUCTIONS","","[""https://music.apple.com/ae/album/1895448760""]"
"https://aliktarraf.com/#catalog-trk-0245","Fuego","[]","Alik Tarraf (feat. Marina Tarraf)","[""https://aliktarraf.com/#alik-tarraf""]","QZWFS2600050","PT4M42.2S","282200","https://aliktarraf.com/#catalog-sng-200-digital-release","Fuego","Alik Tarraf (feat. Marina Tarraf)","825353054346","2026-04-30","Published","1","TARRAF PRODUCTIONS","","[""https://music.apple.com/ae/album/1895686331""]"
"https://aliktarraf.com/#catalog-trk-0246","VELCARON — LUX IN TENEBRIS [Dark Ritual]","[""VELCARON — LUX IN TENEBRIS (feat. Marina Tarraf) [Dark Ritual]""]","Alik Tarraf (feat. Marina Tarraf)","[""https://aliktarraf.com/#alik-tarraf""]","QZWFK2666932","PT7M41.12S","461120","https://aliktarraf.com/#catalog-sng-201-digital-release","VELCARON — LUX IN TENEBRIS [Dark Ritual]","Alik Tarraf (feat. Marina Tarraf)","825393870173","2026-05-01","Published","1","TARRAF PRODUCTIONS","","[""https://music.apple.com/ae/album/1894723403"", ""https://music.apple.com/ua/album/velcaron-lux-in-tenebris-feat-marina-tarraf-dark-ritual/1894723403?i=1894723404""]"
"https://aliktarraf.com/#catalog-trk-0247","Bullying [TARRAF CARTOON]","[]","Alik Tarraf (feat. Marina Tarraf)","[""https://aliktarraf.com/#alik-tarraf""]","QZWFR2655484","PT5M48S","348000","https://aliktarraf.com/#catalog-sng-202-digital-release","Bullying [TARRAF CARTOON]","Alik Tarraf (feat. Marina Tarraf)","825353078342","2026-05-03","Published","1","TARRAF PRODUCTIONS","","[""https://music.apple.com/ae/album/6765532743""]"
"https://aliktarraf.com/#catalog-trk-0248","Комар","[]","Alik Tarraf (feat. Marina Tarraf)","[""https://aliktarraf.com/#alik-tarraf""]","QZWFK2666876","PT6M9.48S","369480","https://aliktarraf.com/#catalog-sng-203-digital-release","Комар","Alik Tarraf (feat. Marina Tarraf)","825393904656","2026-05-04","Published","1","TARRAF PRODUCTIONS","","[""https://music.apple.com/ae/album/1895185067""]"
"https://aliktarraf.com/#catalog-trk-0249","Пробка [TARRAF CARTOON]","[]","Alik Tarraf (feat. Marina Tarraf)","[""https://aliktarraf.com/#alik-tarraf""]","QZZ762604656","PT6M19.28S","379280","https://aliktarraf.com/#catalog-sng-204-digital-release","Пробка [TARRAF CARTOON]","Alik Tarraf (feat. Marina Tarraf)","825324142805","2026-05-08","Published","1","TARRAF PRODUCTIONS","","[""https://music.apple.com/ae/album/6766476649""]"
"https://aliktarraf.com/#catalog-trk-0250","دربي — Путь Истины","[]","Alik Tarraf (feat. Marina Tarraf)","[""https://aliktarraf.com/#alik-tarraf""]","QZZ772606090","PT6M32.92S","392920","https://aliktarraf.com/#catalog-sng-205-digital-release","دربي — Путь Истины","Alik Tarraf (feat. Marina Tarraf)","825293507599","2026-05-11","Published","1","TARRAF PRODUCTIONS","","[""https://music.apple.com/ae/album/6766982435""]"
"https://aliktarraf.com/#catalog-trk-0251","Марина мій темний вогонь","[]","Alik Tarraf","[""https://aliktarraf.com/#alik-tarraf""]","QZZ792647093","PT6M12.8S","372800","https://aliktarraf.com/#catalog-sng-206-digital-release","Марина мій темний вогонь","Alik Tarraf","825259307911","2026-05-15","Published","1","TARRAF PRODUCTIONS","","[""https://music.apple.com/ae/album/6767819487""]"
"https://aliktarraf.com/#catalog-trk-0252","Відповідай мені","[]","Alik Tarraf (feat. Marina Tarraf)","[""https://aliktarraf.com/#alik-tarraf""]","QZZ7L2628726","PT5M40.84S","340840","https://aliktarraf.com/#catalog-sng-207-digital-release","Відповідай мені","Alik Tarraf (feat. Marina Tarraf)","825259288326","2026-05-21","Published","1","TARRAF PRODUCTIONS","","[""https://music.apple.com/ae/album/6768433311""]"
"https://aliktarraf.com/#catalog-trk-0253","البوميرانغ","[]","Alik Tarraf","[""https://aliktarraf.com/#alik-tarraf""]","QZZ7P2610480","PT5M20.32S","320320","https://aliktarraf.com/#catalog-sng-208-digital-release","البوميرانغ","Alik Tarraf","825233033034","2026-05-25","Published","1","TARRAF PRODUCTIONS","","[""https://music.apple.com/ae/album/6769626344""]"
"https://aliktarraf.com/#catalog-trk-0254","Born for more - Рождены для большего [LIVE]","[""Born for more - Рождены для большего (feat. Marina Tarraf) [LIVE]""]","Alik Tarraf (feat. Marina Tarraf)","[""https://aliktarraf.com/#alik-tarraf""]","QZZ7L2635089","PT6M1.88S","361880","https://aliktarraf.com/#catalog-sng-209-digital-release","Born for more - Рождены для большего [LIVE]","Alik Tarraf (feat. Marina Tarraf)","825254965307","2026-05-27","Published","1","TARRAF PRODUCTIONS","","[""https://music.apple.com/ae/album/6769771166"", ""https://music.apple.com/ua/album/born-for-more-%D1%80%D0%BE%D0%B6%D0%B4%D0%B5%D0%BD%D1%8B-%D0%B4%D0%BB%D1%8F-%D0%B1%D0%BE%D0%BB%D1%8C%D1%88%D0%B5%D0%B3%D0%BE-feat-marina-tarraf-live/6769771166?i=6769771167""]"
"https://aliktarraf.com/#catalog-trk-0255","Inside","[]","Alik Tarraf","[""https://aliktarraf.com/#alik-tarraf""]","QZZ7M2682636","PT3M32.96S","212960","https://aliktarraf.com/#catalog-sng-210-digital-release","Inside","Alik Tarraf","825233680368","2026-05-29","Published","1","TARRAF PRODUCTIONS","","[""https://music.apple.com/ae/album/6770317913""]"
"https://aliktarraf.com/#catalog-trk-0256","يا روح لا تبكي - We are guests [TARRAF LIVE SHOW]","[""يا روح لا تبكي - We are guests (feat. Marina Tarraf) [TARRAF LIVE SHOW]""]","Alik Tarraf (feat. Marina Tarraf)","[""https://aliktarraf.com/#alik-tarraf""]","QT3EX2647792","PT6M25.88S","385880","https://aliktarraf.com/#catalog-sng-211-digital-release","يا روح لا تبكي - We are guests [TARRAF LIVE SHOW]","Alik Tarraf (feat. Marina Tarraf)","882000177995","2026-06-01","Published","1","TARRAF PRODUCTIONS","","[""https://music.apple.com/ae/album/6773153963"", ""https://music.apple.com/ua/album/%D9%8A%D8%A7-%D8%B1%D9%88%D8%AD-%D9%84%D8%A7-%D8%AA%D8%A8%D9%83%D9%8A-we-are-guests-feat-marina-tarraf-tarraf/6773153963?i=6773153964""]"
"https://aliktarraf.com/#catalog-trk-0257","Курочка ряба [TARRAF CARTOON]","[]","Marina Tarraf (feat. Alik Tarraf)","[""https://aliktarraf.com/#marina-tarraf""]","QZZ7P2640453","PT3M52.16S","232160","https://aliktarraf.com/#catalog-sng-212-digital-release","Курочка ряба [TARRAF CARTOON]","Marina Tarraf (feat. Alik Tarraf)","825233594627","2026-06-03","Published","1","TARRAF PRODUCTIONS","","[""https://music.apple.com/ae/album/6769981276""]"
"https://aliktarraf.com/#catalog-trk-0258","أيام - Of Fire","[""أيام - Of Fire (feat. Marina Tarraf)""]","Alik Tarraf (feat. Marina Tarraf)","[""https://aliktarraf.com/#alik-tarraf""]","QT3EZ2625056","PT5M54.12S","354120","https://aliktarraf.com/#catalog-sng-213-digital-release","أيام - Of Fire","Alik Tarraf (feat. Marina Tarraf)","883071618028","2026-06-05","Published","1","TARRAF PRODUCTIONS","","[""https://music.apple.com/ae/album/6774043589"", ""https://music.apple.com/ua/album/%D8%A3%D9%8A%D8%A7%D9%85-of-fire-feat-marina-tarraf/6774043589?i=6774043590""]"
"https://aliktarraf.com/#catalog-trk-0259","Epic Evolution Music (Live Studio Session)","[]","Alik Tarraf & Marina Tarraf","[""https://aliktarraf.com/#alik-tarraf"", ""https://aliktarraf.com/#marina-tarraf""]","QZZ7R2695699","PT6M31.96S","391960","https://aliktarraf.com/#catalog-sng-214-digital-release","Epic Evolution Music (Live Studio Session)","Alik Tarraf & Marina Tarraf","825192166156","2026-06-19","Published","1","TARRAF PRODUCTIONS","","[""https://music.apple.com/ae/album/6770759376"", ""https://music.apple.com/ua/album/epic-evolution-music-live-studio-session/6770759376?i=6770759377""]"
"https://aliktarraf.com/#catalog-trk-0260","Still Yours (LIVE)","[]","Alik Tarraf & Marina Tarraf","[""https://aliktarraf.com/#alik-tarraf"", ""https://aliktarraf.com/#marina-tarraf""]","QT3FE2691958","PT5M23.8S","323800","https://aliktarraf.com/#catalog-sng-215-digital-release","Still Yours (LIVE)","Alik Tarraf & Marina Tarraf","883369720266","2026-06-21","Published","1","TARRAF PRODUCTIONS","","[""https://music.apple.com/ae/album/6779852581"", ""https://music.apple.com/ua/album/still-yours-live/6779852581?i=6779852584""]"
"https://aliktarraf.com/#catalog-trk-0261","APOCALYPSES","[""APOCALYPSES (feat. Marina Tarraf)""]","Alik Tarraf (feat. Marina Tarraf)","[""https://aliktarraf.com/#alik-tarraf""]","QZZ7S2565863","PT4M34.8S","274800","https://aliktarraf.com/#catalog-sng-216-digital-release","APOCALYPSES","Alik Tarraf (feat. Marina Tarraf)","199736865578","2025-09-07","Published","1","TARRAF PRODUCTIONS","","[""https://music.apple.com/ua/album/apocalypses-feat-marina-tarraf/1838563826?i=1838563827""]"
"https://aliktarraf.com/#catalog-trk-0262","My Heart Says Goodbye","[]","Alik Tarraf","[""https://aliktarraf.com/#alik-tarraf""]","QT6G62628340","PT6M13S","373000","https://aliktarraf.com/#catalog-sng-217-digital-release","My Heart Says Goodbye","Alik Tarraf","881864059270","2026-10-23","Scheduled for release","1","TARRAF PRODUCTIONS","","[]"
"https://aliktarraf.com/#catalog-trk-0263","Jordan - الأرض المقدسة","[]","Alik Tarraf & Marina Tarraf","[""https://aliktarraf.com/#alik-tarraf"", ""https://aliktarraf.com/#marina-tarraf""]","QT6G22657676","PT6M2S","362000","https://aliktarraf.com/#catalog-sng-218-digital-release","Jordan - الأرض المقدسة","Alik Tarraf & Marina Tarraf","882436167232","2026-10-10","Scheduled for release","1","TARRAF PRODUCTIONS","","[]"
"https://aliktarraf.com/#catalog-trk-0264","Bite the light (Studio Live Session)","[]","Marina Tarraf","[""https://aliktarraf.com/#marina-tarraf""]","QZZ7L2614061","PT6M11S","371000","https://aliktarraf.com/#catalog-sng-219-digital-release","Bite the light (Studio Live Session)","Marina Tarraf","825254977096","2026-05-17","Published","1","TARRAF PRODUCTIONS","","[]"
"https://aliktarraf.com/#catalog-trk-0265","Pick It Up","[]","Manik Bhatheja","[]","QZZ772605191","PT4M11S","251000","https://aliktarraf.com/#catalog-sng-220-digital-release","Pick It Up","Manik Bhatheja","825293554333","2015-05-05","Published","1","TARRAF PRODUCTIONS","","[]"
"https://aliktarraf.com/#catalog-trk-0266","Живая","[]","Marina Tarraf","[""https://aliktarraf.com/#marina-tarraf""]","QZWFQ2609943","PT5M21S","321000","https://aliktarraf.com/#catalog-sng-221-digital-release","Живая","Marina Tarraf","825353069494","2026-05-06","Published","1","TARRAF PRODUCTIONS","","[]"
"https://aliktarraf.com/#catalog-trk-0267","Удаляй меня","[]","Marina Tarraf","[""https://aliktarraf.com/#marina-tarraf""]","QZTB92689800","PT5M18S","318000","https://aliktarraf.com/#catalog-sng-222-digital-release","Удаляй меня","Marina Tarraf","825500873585","2026-04-25","Published","1","TARRAF PRODUCTIONS","","[]"
"https://aliktarraf.com/#catalog-trk-0268","Не звони мне","[]","Marina Tarraf","[""https://aliktarraf.com/#marina-tarraf""]","QZTB92686995","PT5M31S","331000","https://aliktarraf.com/#catalog-sng-223-digital-release","Не звони мне","Marina Tarraf","825500876043","2026-04-21","Published","1","TARRAF PRODUCTIONS","","[]"
"https://aliktarraf.com/#catalog-trk-0269","This is goodbye","[]","Marina Tarraf","[""https://aliktarraf.com/#marina-tarraf""]","QZTB92661671","PT6M29S","389000","https://aliktarraf.com/#catalog-sng-224-digital-release","This is goodbye","Marina Tarraf","825583038222","2026-04-16","Published","1","TARRAF PRODUCTIONS","","[]"
"https://aliktarraf.com/#catalog-trk-0270","Хто ти тепер","[]","Alik Tarraf","[""https://aliktarraf.com/#alik-tarraf""]","QZTB62662325","PT6M2S","362000","https://aliktarraf.com/#catalog-sng-225-digital-release","Хто ти тепер","Alik Tarraf","825626537774","2026-04-10","Published","1","TARRAF PRODUCTIONS","","[]"
"https://aliktarraf.com/#catalog-trk-0271","NON STOP (Soundtrack)","[]","Alik Tarraf","[""https://aliktarraf.com/#alik-tarraf""]","QZTB62644697","PT5M1S","301000","https://aliktarraf.com/#catalog-sng-226-digital-release","NON STOP (Soundtrack)","Alik Tarraf","825626650879","2026-04-13","Published","1","TARRAF PRODUCTIONS","","[]"
"https://aliktarraf.com/#catalog-trk-0272","EPIC MODE","[]","Alik Tarraf","[""https://aliktarraf.com/#alik-tarraf""]","QZTB62641981","PT3M30S","210000","https://aliktarraf.com/#catalog-sng-227-digital-release","EPIC MODE","Alik Tarraf","825626657786","2026-04-11","Published","1","TARRAF PRODUCTIONS","","[]"
"https://aliktarraf.com/#catalog-trk-0273","Разлом (Soundtrack)","[]","Marina Tarraf","[""https://aliktarraf.com/#marina-tarraf""]","QZTB62638190","PT4M12S","252000","https://aliktarraf.com/#catalog-sng-228-digital-release","Разлом (Soundtrack)","Marina Tarraf","825626696211","2026-04-02","Published","1","TARRAF PRODUCTIONS","","[]"
"https://aliktarraf.com/#catalog-trk-0274","18+","[]","Alik Tarraf","[""https://aliktarraf.com/#alik-tarraf""]","QZTB52643580","PT6M8S","368000","https://aliktarraf.com/#catalog-sng-229-digital-release","18+","Alik Tarraf","825628100518","2026-04-05","Published","1","TARRAF PRODUCTIONS","","[]"
"https://aliktarraf.com/#catalog-trk-0275","Школа жизни","[]","Alik Tarraf","[""https://aliktarraf.com/#alik-tarraf""]","QZTAZ2642798","PT3M18S","198000","https://aliktarraf.com/#catalog-sng-230-digital-release","Школа жизни","Alik Tarraf","825682070222","2026-04-08","Published","1","TARRAF PRODUCTIONS","","[]"
"https://aliktarraf.com/#catalog-trk-0276","I Will Always Love You","[]","Marina Tarraf","[""https://aliktarraf.com/#marina-tarraf""]","QZPLR2649825","PT4M28S","268000","https://aliktarraf.com/#catalog-sng-231-digital-release","I Will Always Love You","Marina Tarraf","825758987270","2026-03-25","Published","1","TARRAF PRODUCTIONS","","[]"
"https://aliktarraf.com/#catalog-trk-0277","Aliana","[""Aliana (feat. Marina Tarraf)""]","Alik Tarraf (feat. Marina Tarraf)","[""https://aliktarraf.com/#alik-tarraf""]","QZNWU2642118","PT4M41S","281000","https://aliktarraf.com/#catalog-sng-232-digital-release","Aliana","Alik Tarraf (feat. Marina Tarraf)","821201623535","2026-03-03","Published","1","TARRAF PRODUCTIONS","","[""https://music.apple.com/ua/album/aliana-feat-marina-tarraf/1882366409?i=1882366411""]"
"https://aliktarraf.com/#catalog-trk-0278","ОБРАТНЫЙ ОТСЧЁТ","[]","Alik Tarraf","[""https://aliktarraf.com/#alik-tarraf""]","QZNWR2670507","PT5M5S","305000","https://aliktarraf.com/#catalog-sng-233-digital-release","ОБРАТНЫЙ ОТСЧЁТ","Alik Tarraf","821275786952","2026-03-07","Published","1","TARRAF PRODUCTIONS","","[]"
"https://aliktarraf.com/#catalog-trk-0279","Coco Jamboo","[]","Alik Tarraf (feat. Marina Tarraf)","[""https://aliktarraf.com/#alik-tarraf""]","QZNWR2639595","PT4M0S","240000","https://aliktarraf.com/#catalog-sng-234-digital-release","Coco Jamboo","Alik Tarraf (feat. Marina Tarraf)","821300139999","2026-03-15","Published","1","TARRAF PRODUCTIONS","","[]"
"https://aliktarraf.com/#catalog-trk-0280","ObaTar (Soundtrack)","[]","Alik Tarraf","[""https://aliktarraf.com/#alik-tarraf""]","QZMEQ2691709","PT4M11S","251000","https://aliktarraf.com/#catalog-sng-235-digital-release","ObaTar (Soundtrack)","Alik Tarraf","821300143590","2026-03-04","Published","1","TARRAF PRODUCTIONS","","[]"
"https://aliktarraf.com/#catalog-trk-0281","Не спрашивай потом","[]","Alik Tarraf","[""https://aliktarraf.com/#alik-tarraf""]","QZMEP2687524","PT4M35S","275000","https://aliktarraf.com/#catalog-sng-236-digital-release","Не спрашивай потом","Alik Tarraf","821300623306","2026-03-02","Published","1","TARRAF PRODUCTIONS","","[]"
"https://aliktarraf.com/#catalog-trk-0282","Он рисует мир","[]","Alik Tarraf","[""https://aliktarraf.com/#alik-tarraf""]","QZMEP2615493","PT3M35S","215000","https://aliktarraf.com/#catalog-sng-237-digital-release","Он рисует мир","Alik Tarraf","821300919539","2026-03-01","Published","1","TARRAF PRODUCTIONS","","[""https://music.apple.com/ua/album/%D0%BE%D0%BD-%D1%80%D0%B8%D1%81%D1%83%D0%B5%D1%82-%D0%BC%D0%B8%D1%80/1880412662?i=1880412664""]"
"https://aliktarraf.com/#catalog-trk-0283","После 40","[]","Alik Tarraf","[""https://aliktarraf.com/#alik-tarraf""]","QZK6J2673410","PT4M39S","279000","https://aliktarraf.com/#catalog-sng-238-digital-release","После 40","Alik Tarraf","821406369436","2026-02-26","Published","1","TARRAF PRODUCTIONS","","[]"
"https://aliktarraf.com/#catalog-trk-0284","OBARABO (الصحراء العجيبة)","[]","Alik Tarraf","[""https://aliktarraf.com/#alik-tarraf""]","QZK6J2642099","PT4M14S","254000","https://aliktarraf.com/#catalog-sng-239-digital-release","OBARABO (الصحراء العجيبة)","Alik Tarraf","821406526259","2026-03-15","Published","1","TARRAF PRODUCTIONS","","[]"
"https://aliktarraf.com/#catalog-trk-0285","Мой путь (LIVE)","[]","Alik Tarraf","[""https://aliktarraf.com/#alik-tarraf""]","QZK6H2644131","PT4M28S","268000","https://aliktarraf.com/#catalog-sng-240-digital-release","Мой путь (LIVE)","Alik Tarraf","821430004266","2026-02-24","Published","1","TARRAF PRODUCTIONS","","[]"
"https://aliktarraf.com/#catalog-trk-0286","OBARABO (DOMINÉ)","[]","Alik Tarraf","[""https://aliktarraf.com/#alik-tarraf""]","QZK6K2667471","PT4M57S","297000","https://aliktarraf.com/#catalog-sng-241-digital-release","OBARABO (DOMINÉ)","Alik Tarraf","821430010977","2026-03-11","Published","1","TARRAF PRODUCTIONS","","[]"
"https://aliktarraf.com/#catalog-trk-0287","OBARABO (ANRA LUMÉ)","[]","Alik Tarraf","[""https://aliktarraf.com/#alik-tarraf""]","QZK6K2667447","PT5M30S","330000","https://aliktarraf.com/#catalog-sng-242-digital-release","OBARABO (ANRA LUMÉ)","Alik Tarraf","821430023823","2026-03-03","Published","1","TARRAF PRODUCTIONS","","[]"
"https://aliktarraf.com/#catalog-trk-0288","I Rise","[]","Alik Tarraf","[""https://aliktarraf.com/#alik-tarraf""]","QZK6K2665001","PT4M33S","273000","https://aliktarraf.com/#catalog-sng-243-digital-release","I Rise","Alik Tarraf","821430038339","2026-02-24","Published","1","TARRAF PRODUCTIONS","","[]"
"https://aliktarraf.com/#catalog-trk-0289","Любовь","[]","Alik Tarraf","[""https://aliktarraf.com/#alik-tarraf""]","QZK6K2662665","PT4M44S","284000","https://aliktarraf.com/#catalog-sng-244-digital-release","Любовь","Alik Tarraf","821430041100","2026-02-23","Published","1","TARRAF PRODUCTIONS","","[]"
"https://aliktarraf.com/#catalog-trk-0290","La vita","[]","Alik Tarraf","[""https://aliktarraf.com/#alik-tarraf""]","QZK6N2680514","PT4M27S","267000","https://aliktarraf.com/#catalog-sng-245-digital-release","La vita","Alik Tarraf","821438386760","2026-02-22","Published","1","TARRAF PRODUCTIONS","","[]"
"https://aliktarraf.com/#catalog-trk-0291","Democrats","[]","Alik Tarraf","[""https://aliktarraf.com/#alik-tarraf""]","QZK6N2680321","PT3M49S","229000","https://aliktarraf.com/#catalog-sng-246-digital-release","Democrats","Alik Tarraf","821438394826","2026-02-21","Published","1","TARRAF PRODUCTIONS","","[]"
"https://aliktarraf.com/#catalog-trk-0292","Моё нутро","[]","Alik Tarraf","[""https://aliktarraf.com/#alik-tarraf""]","QZK6N2674431","PT3M22S","202000","https://aliktarraf.com/#catalog-sng-247-digital-release","Моё нутро","Alik Tarraf","821438401593","2026-02-19","Published","1","TARRAF PRODUCTIONS","","[]"
"https://aliktarraf.com/#catalog-trk-0293","حبك مو لعبة","[]","Alik Tarraf & Marina Tarraf","[""https://aliktarraf.com/#alik-tarraf"", ""https://aliktarraf.com/#marina-tarraf""]","QZK6L2688208","PT4M43S","283000","https://aliktarraf.com/#catalog-sng-248-digital-release","حبك مو لعبة","Alik Tarraf & Marina Tarraf","821438418959","2026-02-18","Published","1","TARRAF PRODUCTIONS","","[]"
"https://aliktarraf.com/#catalog-trk-0294","Más Cerca / Closer","[""Más Cerca / Closer (feat. Marina Tarraf)""]","Alik Tarraf (feat. Marina Tarraf)","[""https://aliktarraf.com/#alik-tarraf""]","QZK6L2688089","PT3M50S","230000","https://aliktarraf.com/#catalog-sng-249-digital-release","Más Cerca / Closer","Alik Tarraf (feat. Marina Tarraf)","821438428491","2026-02-17","Published","1","TARRAF PRODUCTIONS","","[""https://music.apple.com/ua/album/m%C3%A1s-cerca-closer-feat-marina-tarraf/1877599682?i=1877599683""]"
"https://aliktarraf.com/#catalog-trk-0295","الليلة مجنونة","[]","Alik Tarraf","[""https://aliktarraf.com/#alik-tarraf""]","QZK6N2667269","PT3M27S","207000","https://aliktarraf.com/#catalog-sng-250-digital-release","الليلة مجنونة","Alik Tarraf","821438443043","2026-02-14","Published","1","TARRAF PRODUCTIONS","","[]"
"https://aliktarraf.com/#catalog-trk-0296","Tell me why","[]","Alik Tarraf","[""https://aliktarraf.com/#alik-tarraf""]","QZK6N2663590","PT6M3S","363000","https://aliktarraf.com/#catalog-sng-251-digital-release","Tell me why","Alik Tarraf","821438452847","2026-02-11","Published","1","TARRAF PRODUCTIONS","","[]"
"https://aliktarraf.com/#catalog-trk-0297","Все хорошо (Live)","[]","Marina Tarraf","[""https://aliktarraf.com/#marina-tarraf""]","QZK6N2617663","PT3M43S","223000","https://aliktarraf.com/#catalog-sng-252-digital-release","Все хорошо (Live)","Marina Tarraf","821440980352","2026-02-16","Published","1","TARRAF PRODUCTIONS","","[""https://music.apple.com/ua/album/%D0%B2%D1%81%D0%B5-%D1%85%D0%BE%D1%80%D0%BE%D1%88%D0%BE-live/1876641397?i=1876641398""]"
"https://aliktarraf.com/#catalog-trk-0298","OBARAE (TARRAF RITUAL SONG)","[]","Alik Tarraf & Marina Tarraf","[""https://aliktarraf.com/#alik-tarraf"", ""https://aliktarraf.com/#marina-tarraf""]","QZHNA2667994","PT5M3S","303000","https://aliktarraf.com/#catalog-sng-253-digital-release","OBARAE (TARRAF RITUAL SONG)","Alik Tarraf & Marina Tarraf","821460277760","2026-02-25","Published","1","TARRAF PRODUCTIONS","","[]"
"https://aliktarraf.com/#catalog-trk-0299","OBARABO STI-ME (TARRAF RITUAL SONG)","[]","Marina Tarraf","[""https://aliktarraf.com/#marina-tarraf""]","QZHN82648633","PT4M39S","279000","https://aliktarraf.com/#catalog-sng-254-digital-release","OBARABO STI-ME (TARRAF RITUAL SONG)","Marina Tarraf","821460278200","2026-02-20","Published","1","TARRAF PRODUCTIONS","","[]"
"https://aliktarraf.com/#catalog-trk-0300","ParaDiseDox","[]","Alik Tarraf","[""https://aliktarraf.com/#alik-tarraf""]","QZHN62670941","PT3M52S","232000","https://aliktarraf.com/#catalog-sng-255-digital-release","ParaDiseDox","Alik Tarraf","821470289883","2026-02-09","Published","1","TARRAF PRODUCTIONS","","[]"
"https://aliktarraf.com/#catalog-trk-0301","СРОК ИСТЁК","[]","Alik Tarraf","[""https://aliktarraf.com/#alik-tarraf""]","QZHN62666102","PT6M7S","367000","https://aliktarraf.com/#catalog-sng-256-digital-release","СРОК ИСТЁК","Alik Tarraf","821470325635","2026-02-07","Published","1","TARRAF PRODUCTIONS","","[]"
"https://aliktarraf.com/#catalog-trk-0302","AVE LUMEN AETERNUM (Ritual Song)","[]","Alik Tarraf","[""https://aliktarraf.com/#alik-tarraf""]","QZHN62662026","PT3M52S","232000","https://aliktarraf.com/#catalog-sng-257-digital-release","AVE LUMEN AETERNUM (Ritual Song)","Alik Tarraf","821470350026","2026-02-05","Published","1","TARRAF PRODUCTIONS","","[]"
"https://aliktarraf.com/#catalog-trk-0303","Выбираю себя","[]","Alik Tarraf & Marina Tarraf","[""https://aliktarraf.com/#alik-tarraf"", ""https://aliktarraf.com/#marina-tarraf""]","QZHN52672795","PT6M31S","391000","https://aliktarraf.com/#catalog-sng-258-digital-release","Выбираю себя","Alik Tarraf & Marina Tarraf","821470729174","2026-01-29","Published","1","TARRAF PRODUCTIONS","","[]"
"https://aliktarraf.com/#catalog-trk-0304","OBARABO (TARRAF RITUAL SONG )","[]","Alik Tarraf","[""https://aliktarraf.com/#alik-tarraf""]","QZHN42693830","PT4M52S","292000","https://aliktarraf.com/#catalog-sng-259-digital-release","OBARABO (TARRAF RITUAL SONG )","Alik Tarraf","821473122996","2026-02-15","Published","1","TARRAF PRODUCTIONS","","[]"
"https://aliktarraf.com/#catalog-trk-0305","Жизнь не игра","[]","Alik Tarraf","[""https://aliktarraf.com/#alik-tarraf""]","QZHN42684128","PT4M41S","281000","https://aliktarraf.com/#catalog-sng-260-digital-release","Жизнь не игра","Alik Tarraf","821473147562","2026-02-13","Published","1","TARRAF PRODUCTIONS","","[]"
"https://aliktarraf.com/#catalog-trk-0306","We are different","[]","Alik Tarraf","[""https://aliktarraf.com/#alik-tarraf""]","QZHN42675661","PT4M39S","279000","https://aliktarraf.com/#catalog-sng-261-digital-release","We are different","Alik Tarraf","821473208997","2026-01-31","Published","1","TARRAF PRODUCTIONS","","[]"
"https://aliktarraf.com/#catalog-trk-0307","ОСТАВЛЮ СЛЕД","[]","Alik Tarraf","[""https://aliktarraf.com/#alik-tarraf""]","QZHN42671448","PT4M13S","253000","https://aliktarraf.com/#catalog-sng-262-digital-release","ОСТАВЛЮ СЛЕД","Alik Tarraf","821473224478","2026-01-29","Published","1","TARRAF PRODUCTIONS","","[]"
"https://aliktarraf.com/#catalog-trk-0308","Still here ((TARRAF LIVE SHOW))","[]","Marina Tarraf","[""https://aliktarraf.com/#marina-tarraf""]","QZHN42674434","PT3M25S","205000","https://aliktarraf.com/#catalog-sng-263-digital-release","Still here ((TARRAF LIVE SHOW))","Marina Tarraf","821473813634","2026-02-03","Published","1","TARRAF PRODUCTIONS","","[]"
"https://aliktarraf.com/#catalog-trk-0309","Good morning world","[]","Alik Tarraf","[""https://aliktarraf.com/#alik-tarraf""]","QZHN32622972","PT4M34S","274000","https://aliktarraf.com/#catalog-sng-264-digital-release","Good morning world","Alik Tarraf","821473829871","2026-02-01","Published","1","TARRAF PRODUCTIONS","","[]"
"https://aliktarraf.com/#catalog-trk-0310","Detonate","[]","Alik Tarraf","[""https://aliktarraf.com/#alik-tarraf""]","QZHN32622943","PT3M38S","218000","https://aliktarraf.com/#catalog-sng-265-digital-release","Detonate","Alik Tarraf","821473835087","2026-02-10","Published","1","TARRAF PRODUCTIONS","","[]"
"https://aliktarraf.com/#catalog-trk-0311","МАРИНА","[]","Alik Tarraf","[""https://aliktarraf.com/#alik-tarraf""]","QZHN32620913","PT4M12S","252000","https://aliktarraf.com/#catalog-sng-266-digital-release","МАРИНА","Alik Tarraf","821473841729","2026-02-02","Published","1","TARRAF PRODUCTIONS","","[]"
"https://aliktarraf.com/#catalog-trk-0312","Страсть Боль Прощение","[]","Alik Tarraf","[""https://aliktarraf.com/#alik-tarraf""]","QZHN32620896","PT5M5S","305000","https://aliktarraf.com/#catalog-sng-267-digital-release","Страсть Боль Прощение","Alik Tarraf","821473846700","2026-02-03","Published","1","TARRAF PRODUCTIONS","","[]"
"https://aliktarraf.com/#catalog-trk-0313","Пока мы живы","[""Пока мы живы (feat. Marina Tarraf)""]","Alik Tarraf (feat. Marina Tarraf)","[""https://aliktarraf.com/#alik-tarraf""]","QZHN42663366","PT4M14S","254000","https://aliktarraf.com/#catalog-sng-268-digital-release","Пока мы живы","Alik Tarraf (feat. Marina Tarraf)","821473850189","2026-02-06","Published","1","TARRAF PRODUCTIONS","","[""https://music.apple.com/ua/album/%D0%BF%D0%BE%D0%BA%D0%B0-%D0%BC%D1%8B-%D0%B6%D0%B8%D0%B2%D1%8B-feat-marina-tarraf/1872709598?i=1872709599""]"
"https://aliktarraf.com/#catalog-trk-0314","Я слышу тебя","[]","Alik Tarraf","[""https://aliktarraf.com/#alik-tarraf""]","QZHN32618130","PT3M27S","207000","https://aliktarraf.com/#catalog-sng-269-digital-release","Я слышу тебя","Alik Tarraf","821473856082","2026-02-08","Published","1","TARRAF PRODUCTIONS","","[]"
"https://aliktarraf.com/#catalog-trk-0315","ЗА ЧТО","[]","Alik Tarraf","[""https://aliktarraf.com/#alik-tarraf""]","QZES92694771","PT5M0S","300000","https://aliktarraf.com/#catalog-sng-270-digital-release","ЗА ЧТО","Alik Tarraf","821473977428","2026-01-25","Published","1","TARRAF PRODUCTIONS","","[]"
"https://aliktarraf.com/#catalog-trk-0316","Детство ((New Version))","[]","Alik Tarraf","[""https://aliktarraf.com/#alik-tarraf""]","QZES92663296","PT4M22S","262000","https://aliktarraf.com/#catalog-sng-271-digital-release","Детство ((New Version))","Alik Tarraf","821500164579","2026-02-04","Published","1","TARRAF PRODUCTIONS","","[]"
"https://aliktarraf.com/#catalog-trk-0317","King's move","[]","Alik Tarraf","[""https://aliktarraf.com/#alik-tarraf""]","QZES82639913","PT4M1S","241000","https://aliktarraf.com/#catalog-sng-272-digital-release","King's move","Alik Tarraf","821500845171","2026-01-30","Published","1","TARRAF PRODUCTIONS","","[]"
"https://aliktarraf.com/#catalog-trk-0318","Смотри это Алик","[]","Alik Tarraf","[""https://aliktarraf.com/#alik-tarraf""]","QZDA82684848","PT4M2S","242000","https://aliktarraf.com/#catalog-sng-273-digital-release","Смотри это Алик","Alik Tarraf","821520484602","2026-01-28","Published","1","TARRAF PRODUCTIONS","","[]"
"https://aliktarraf.com/#catalog-trk-0319","Life is not a game","[]","Alik Tarraf","[""https://aliktarraf.com/#alik-tarraf""]","QZDA82681109","PT4M23S","263000","https://aliktarraf.com/#catalog-sng-274-digital-release","Life is not a game","Alik Tarraf","821520512831","2026-01-26","Published","1","TARRAF PRODUCTIONS","","[]"
"https://aliktarraf.com/#catalog-trk-0320","Огонь в крови","[]","Alik Tarraf","[""https://aliktarraf.com/#alik-tarraf""]","QZDA62676404","PT4M9S","249000","https://aliktarraf.com/#catalog-sng-275-digital-release","Огонь в крови","Alik Tarraf","821526627324","2026-01-23","Published","1","TARRAF PRODUCTIONS","","[]"
"https://aliktarraf.com/#tarraf-productions-live-vol-i-track-01","Opening Overture","[""Opening Overture (LIVE)""]","Alik Tarraf, Marina Tarraf","[""https://aliktarraf.com/#alik-tarraf"", ""https://aliktarraf.com/#marina-tarraf""]","QT6EC2696826","PT3M51.36S","231360","https://aliktarraf.com/#tarraf-productions-live-vol-i-digital-release","Tarraf Productions Live, Vol. I: The Opening","Alik Tarraf, Marina Tarraf","882614979497","2026-07-15","Published","1","TARRAF PRODUCTIONS","","[""https://music.apple.com/ua/album/opening-overture-live/6784526211?i=6784526212""]"
"https://aliktarraf.com/#tarraf-productions-live-vol-i-track-02","Alik & Marina Introduction","[""Alik & Marina Introduction (LIVE)""]","Alik Tarraf, Marina Tarraf","[""https://aliktarraf.com/#alik-tarraf"", ""https://aliktarraf.com/#marina-tarraf""]","QT6EC2696827","PT1M8S","68000","https://aliktarraf.com/#tarraf-productions-live-vol-i-digital-release","Tarraf Productions Live, Vol. I: The Opening","Alik Tarraf, Marina Tarraf","882614979497","2026-07-15","Published","2","TARRAF PRODUCTIONS","","[""https://music.apple.com/ua/album/alik-marina-introduction-live/6784526211?i=6784526214""]"
"https://aliktarraf.com/#tarraf-productions-live-vol-i-track-03","Abu Dhabi Nights","[""Abu Dhabi Nights (LIVE)""]","Alik Tarraf, Marina Tarraf","[""https://aliktarraf.com/#alik-tarraf"", ""https://aliktarraf.com/#marina-tarraf""]","QT6EC2696828","PT5M6.68S","306680","https://aliktarraf.com/#tarraf-productions-live-vol-i-digital-release","Tarraf Productions Live, Vol. I: The Opening","Alik Tarraf, Marina Tarraf","882614979497","2026-07-15","Published","3","TARRAF PRODUCTIONS","","[""https://music.apple.com/ua/album/abu-dhabi-nights-live/6784526211?i=6784526215""]"
"https://aliktarraf.com/#tarraf-productions-live-vol-i-track-04","Eagles Not Crows","[""Eagles Not Crows (LIVE)""]","Alik Tarraf, Marina Tarraf","[""https://aliktarraf.com/#alik-tarraf"", ""https://aliktarraf.com/#marina-tarraf""]","QT6EC2696829","PT5M44.4S","344400","https://aliktarraf.com/#tarraf-productions-live-vol-i-digital-release","Tarraf Productions Live, Vol. I: The Opening","Alik Tarraf, Marina Tarraf","882614979497","2026-07-15","Published","4","TARRAF PRODUCTIONS","","[""https://music.apple.com/ua/album/eagles-not-crows-live/6784526211?i=6784526216""]"
"https://aliktarraf.com/#tarraf-productions-live-vol-i-track-05","حبك مو لعبة","[""حبك مو لعبة (LIVE)""]","Alik Tarraf, Marina Tarraf","[""https://aliktarraf.com/#alik-tarraf"", ""https://aliktarraf.com/#marina-tarraf""]","QT6EC2696830","PT4M26.12S","266120","https://aliktarraf.com/#tarraf-productions-live-vol-i-digital-release","Tarraf Productions Live, Vol. I: The Opening","Alik Tarraf, Marina Tarraf","882614979497","2026-07-15","Published","5","TARRAF PRODUCTIONS","","[""https://music.apple.com/ua/album/%D8%AD%D8%A8%D9%83-%D9%85%D9%88-%D9%84%D8%B9%D8%A8%D8%A9-live/6784526211?i=6784526217""]"
"https://aliktarraf.com/#tarraf-productions-live-vol-i-track-06","OBARABO الصحراء العجيبة","[""OBARABO الصحراء العجيبة (LIVE)""]","Alik Tarraf, Marina Tarraf","[""https://aliktarraf.com/#alik-tarraf"", ""https://aliktarraf.com/#marina-tarraf""]","QT6EC2696831","PT5M3.12S","303120","https://aliktarraf.com/#tarraf-productions-live-vol-i-digital-release","Tarraf Productions Live, Vol. I: The Opening","Alik Tarraf, Marina Tarraf","882614979497","2026-07-15","Published","6","TARRAF PRODUCTIONS","","[""https://music.apple.com/ua/album/obarabo-%D8%A7%D9%84%D8%B5%D8%AD%D8%B1%D8%A7%D8%A1-%D8%A7%D9%84%D8%B9%D8%AC%D9%8A%D8%A8%D8%A9-live/6784526211?i=6784526218""]"
"https://aliktarraf.com/#tarraf-productions-live-vol-i-track-07","WORDS","[""WORDS (LIVE)""]","Alik Tarraf, Marina Tarraf","[""https://aliktarraf.com/#alik-tarraf"", ""https://aliktarraf.com/#marina-tarraf""]","QT6EC2696832","PT5M54.4S","354400","https://aliktarraf.com/#tarraf-productions-live-vol-i-digital-release","Tarraf Productions Live, Vol. I: The Opening","Alik Tarraf, Marina Tarraf","882614979497","2026-07-15","Published","7","TARRAF PRODUCTIONS","","[""https://music.apple.com/ua/album/words-live/6784526211?i=6784526219""]"
"https://aliktarraf.com/#tarraf-productions-live-vol-i-track-08","Tell Me Why","[""Tell Me Why (LIVE)""]","Alik Tarraf, Marina Tarraf","[""https://aliktarraf.com/#alik-tarraf"", ""https://aliktarraf.com/#marina-tarraf""]","QT6EC2696833","PT4M57.64S","297640","https://aliktarraf.com/#tarraf-productions-live-vol-i-digital-release","Tarraf Productions Live, Vol. I: The Opening","Alik Tarraf, Marina Tarraf","882614979497","2026-07-15","Published","8","TARRAF PRODUCTIONS","","[""https://music.apple.com/ua/album/tell-me-why-live/6784526211?i=6784526220""]"
"https://aliktarraf.com/#tarraf-productions-live-vol-i-track-09","Desert Dominus","[""Desert Dominus (LIVE)""]","Alik Tarraf, Marina Tarraf","[""https://aliktarraf.com/#alik-tarraf"", ""https://aliktarraf.com/#marina-tarraf""]","QT6EC2696834","PT5M22.44S","322440","https://aliktarraf.com/#tarraf-productions-live-vol-i-digital-release","Tarraf Productions Live, Vol. I: The Opening","Alik Tarraf, Marina Tarraf","882614979497","2026-07-15","Published","9","TARRAF PRODUCTIONS","","[""https://music.apple.com/ua/album/desert-dominus-live/6784526211?i=6784526221""]"
"https://aliktarraf.com/#tarraf-productions-live-vol-i-track-10","Мы","[""Мы (LIVE)""]","Alik Tarraf, Marina Tarraf","[""https://aliktarraf.com/#alik-tarraf"", ""https://aliktarraf.com/#marina-tarraf""]","QT6EC2696835","PT4M35.4S","275400","https://aliktarraf.com/#tarraf-productions-live-vol-i-digital-release","Tarraf Productions Live, Vol. I: The Opening","Alik Tarraf, Marina Tarraf","882614979497","2026-07-15","Published","10","TARRAF PRODUCTIONS","","[""https://music.apple.com/ua/album/%D0%BC%D1%8B-live/6784526211?i=6784526222""]"
"https://aliktarraf.com/#tarraf-productions-live-vol-i-track-11","Malak Shaitan","[""Malak Shaitan (LIVE)""]","Alik Tarraf, Marina Tarraf","[""https://aliktarraf.com/#alik-tarraf"", ""https://aliktarraf.com/#marina-tarraf""]","QT6EC2696836","PT4M21.8S","261800","https://aliktarraf.com/#tarraf-productions-live-vol-i-digital-release","Tarraf Productions Live, Vol. I: The Opening","Alik Tarraf, Marina Tarraf","882614979497","2026-07-15","Published","11","TARRAF PRODUCTIONS","","[""https://music.apple.com/ua/album/malak-shaitan-live/6784526211?i=6784526223""]"
"https://aliktarraf.com/#tarraf-productions-live-vol-i-track-12","Goddess","[""Goddess (LIVE)""]","Alik Tarraf, Marina Tarraf","[""https://aliktarraf.com/#alik-tarraf"", ""https://aliktarraf.com/#marina-tarraf""]","QT6EC2696837","PT4M51.44S","291440","https://aliktarraf.com/#tarraf-productions-live-vol-i-digital-release","Tarraf Productions Live, Vol. I: The Opening","Alik Tarraf, Marina Tarraf","882614979497","2026-07-15","Published","12","TARRAF PRODUCTIONS","","[""https://music.apple.com/ua/album/goddess-live/6784526211?i=6784526224""]"
"https://aliktarraf.com/#tarraf-productions-live-vol-i-track-13","Смысл Жизни","[""Смысл Жизни (LIVE)""]","Alik Tarraf, Marina Tarraf","[""https://aliktarraf.com/#alik-tarraf"", ""https://aliktarraf.com/#marina-tarraf""]","QT6EC2696838","PT4M26.52S","266520","https://aliktarraf.com/#tarraf-productions-live-vol-i-digital-release","Tarraf Productions Live, Vol. I: The Opening","Alik Tarraf, Marina Tarraf","882614979497","2026-07-15","Published","13","TARRAF PRODUCTIONS","","[""https://music.apple.com/ua/album/%D1%81%D0%BC%D1%8B%D1%81%D0%BB-%D0%B6%D0%B8%D0%B7%D0%BD%D0%B8-live/6784526211?i=6784526225""]"
"https://aliktarraf.com/#tarraf-productions-live-vol-i-track-14","Fire Drones Show","[""Fire Drones Show (LIVE)""]","Alik Tarraf, Marina Tarraf","[""https://aliktarraf.com/#alik-tarraf"", ""https://aliktarraf.com/#marina-tarraf""]","QT6EC2696839","PT3M4.6S","184600","https://aliktarraf.com/#tarraf-productions-live-vol-i-digital-release","Tarraf Productions Live, Vol. I: The Opening","Alik Tarraf, Marina Tarraf","882614979497","2026-07-15","Published","14","TARRAF PRODUCTIONS","","[""https://music.apple.com/ua/album/fire-drones-show-live/6784526211?i=6784526226""]"
"https://aliktarraf.com/#tarraf-productions-live-vol-i-track-15","Meaning of Life","[""Meaning of Life (LIVE)""]","Alik Tarraf, Marina Tarraf","[""https://aliktarraf.com/#alik-tarraf"", ""https://aliktarraf.com/#marina-tarraf""]","QT6EC2696840","PT4M39.6S","279600","https://aliktarraf.com/#tarraf-productions-live-vol-i-digital-release","Tarraf Productions Live, Vol. I: The Opening","Alik Tarraf, Marina Tarraf","882614979497","2026-07-15","Published","15","TARRAF PRODUCTIONS","","[""https://music.apple.com/ua/album/meaning-of-life-live/6784526211?i=6784526227""]"
"https://aliktarraf.com/#tarraf-productions-live-vol-i-track-16","Сум за Батьківщину","[""Сум за Батьківщину (LIVE)""]","Alik Tarraf, Marina Tarraf","[""https://aliktarraf.com/#alik-tarraf"", ""https://aliktarraf.com/#marina-tarraf""]","QT6EC2696841","PT4M24.32S","264320","https://aliktarraf.com/#tarraf-productions-live-vol-i-digital-release","Tarraf Productions Live, Vol. I: The Opening","Alik Tarraf, Marina Tarraf","882614979497","2026-07-15","Published","16","TARRAF PRODUCTIONS","","[""https://music.apple.com/ua/album/%D1%81%D1%83%D0%BC-%D0%B7%D0%B0-%D0%B1%D0%B0%D1%82%D1%8C%D0%BA%D1%96%D0%B2%D1%89%D0%B8%D0%BD%D1%83-live/6784526211?i=6784526228""]"
"https://aliktarraf.com/#tarraf-productions-live-vol-i-track-17","Don't Speak","[""Don’t Speak (LIVE)""]","Alik Tarraf, Marina Tarraf","[""https://aliktarraf.com/#alik-tarraf"", ""https://aliktarraf.com/#marina-tarraf""]","QT6EC2696842","PT3M36.88S","216880","https://aliktarraf.com/#tarraf-productions-live-vol-i-digital-release","Tarraf Productions Live, Vol. I: The Opening","Alik Tarraf, Marina Tarraf","882614979497","2026-07-15","Published","17","TARRAF PRODUCTIONS","","[""https://music.apple.com/ua/album/dont-speak-live/6784526211?i=6784526229""]"
"https://aliktarraf.com/#tarraf-productions-live-vol-i-track-18","I Rise","[""I Rise (LIVE)""]","Alik Tarraf, Marina Tarraf","[""https://aliktarraf.com/#alik-tarraf"", ""https://aliktarraf.com/#marina-tarraf""]","QT6EC2696843","PT6M5.32S","365320","https://aliktarraf.com/#tarraf-productions-live-vol-i-digital-release","Tarraf Productions Live, Vol. I: The Opening","Alik Tarraf, Marina Tarraf","882614979497","2026-07-15","Published","18","TARRAF PRODUCTIONS","","[""https://music.apple.com/ua/album/i-rise-live/6784526211?i=6784526230""]"
"https://aliktarraf.com/#tarraf-productions-live-vol-i-track-19","Добро и Зло","[""Добро и Зло (LIVE)""]","Alik Tarraf, Marina Tarraf","[""https://aliktarraf.com/#alik-tarraf"", ""https://aliktarraf.com/#marina-tarraf""]","QT6EC2696844","PT4M3.72S","243720","https://aliktarraf.com/#tarraf-productions-live-vol-i-digital-release","Tarraf Productions Live, Vol. I: The Opening","Alik Tarraf, Marina Tarraf","882614979497","2026-07-15","Published","19","TARRAF PRODUCTIONS","","[""https://music.apple.com/ua/album/%D0%B4%D0%BE%D0%B1%D1%80%D0%BE-%D0%B8-%D0%B7%D0%BB%D0%BE-live/6784526211?i=6784526231""]"
"https://aliktarraf.com/#tarraf-productions-live-vol-i-track-20","The Other Side","[""The Other Side (LIVE)""]","Alik Tarraf, Marina Tarraf","[""https://aliktarraf.com/#alik-tarraf"", ""https://aliktarraf.com/#marina-tarraf""]","QT6EC2696845","PT4M39.8S","279800","https://aliktarraf.com/#tarraf-productions-live-vol-i-digital-release","Tarraf Productions Live, Vol. I: The Opening","Alik Tarraf, Marina Tarraf","882614979497","2026-07-15","Published","20","TARRAF PRODUCTIONS","","[""https://music.apple.com/ua/album/the-other-side-live/6784526211?i=6784526232""]"
"https://aliktarraf.com/#tarraf-productions-live-vol-i-track-21","This Is Goodbye","[""This Is Goodbye (LIVE)""]","Alik Tarraf, Marina Tarraf","[""https://aliktarraf.com/#alik-tarraf"", ""https://aliktarraf.com/#marina-tarraf""]","QT6EC2696846","PT6M26.48S","386480","https://aliktarraf.com/#tarraf-productions-live-vol-i-digital-release","Tarraf Productions Live, Vol. I: The Opening","Alik Tarraf, Marina Tarraf","882614979497","2026-07-15","Published","21","TARRAF PRODUCTIONS","","[""https://music.apple.com/ua/album/this-is-goodbye-live/6784526211?i=6784526233""]"
"https://aliktarraf.com/#tarraf-productions-live-vol-i-track-22","End, Vol. 1","[""End, Vol. 1 (LIVE)""]","Alik Tarraf, Marina Tarraf","[""https://aliktarraf.com/#alik-tarraf"", ""https://aliktarraf.com/#marina-tarraf""]","QT6EC2696847","PT3M6.68S","186680","https://aliktarraf.com/#tarraf-productions-live-vol-i-digital-release","Tarraf Productions Live, Vol. I: The Opening","Alik Tarraf, Marina Tarraf","882614979497","2026-07-15","Published","22","TARRAF PRODUCTIONS","","[""https://music.apple.com/ua/album/end-vol-1-live/6784526211?i=6784526234""]"
"https://aliktarraf.com/#tarraf-productions-live-vol-ii-track-01","Kacheli Introduction","[""Kacheli Introduction (LIVE)""]","Alik Tarraf, Marina Tarraf","[""https://aliktarraf.com/#alik-tarraf"", ""https://aliktarraf.com/#marina-tarraf""]","QT6FG2634831","PT2M31.96S","151960","https://aliktarraf.com/#tarraf-productions-live-vol-ii-digital-release","Tarraf Productions Live, Vol. II: The Fire","Alik Tarraf, Marina Tarraf","882197185506","2026-08-21","Published","1","TARRAF PRODUCTIONS","","[""https://music.apple.com/ua/album/kacheli-introduction-live/6793955748?i=6793955751""]"
"https://aliktarraf.com/#tarraf-productions-live-vol-ii-track-02","Качели","[""Качели (LIVE)""]","Alik Tarraf, Marina Tarraf","[""https://aliktarraf.com/#alik-tarraf"", ""https://aliktarraf.com/#marina-tarraf""]","QT6FG2634832","PT5M8.8S","308800","https://aliktarraf.com/#tarraf-productions-live-vol-ii-digital-release","Tarraf Productions Live, Vol. II: The Fire","Alik Tarraf, Marina Tarraf","882197185506","2026-08-21","Published","2","TARRAF PRODUCTIONS","","[""https://music.apple.com/ua/album/%D0%BA%D0%B0%D1%87%D0%B5%D0%BB%D0%B8-live/6793955748?i=6793955753""]"
"https://aliktarraf.com/#tarraf-productions-live-vol-ii-track-03","I'm Hungry","[""I'm Hungry (LIVE)""]","Alik Tarraf, Marina Tarraf","[""https://aliktarraf.com/#alik-tarraf"", ""https://aliktarraf.com/#marina-tarraf""]","QT6FG2634833","PT5M17.84S","317840","https://aliktarraf.com/#tarraf-productions-live-vol-ii-digital-release","Tarraf Productions Live, Vol. II: The Fire","Alik Tarraf, Marina Tarraf","882197185506","2026-08-21","Published","3","TARRAF PRODUCTIONS","","[""https://music.apple.com/ua/album/im-hungry-live/6793955748?i=6793955754""]"
"https://aliktarraf.com/#tarraf-productions-live-vol-ii-track-04","Noise Silence","[""Noise Silence (LIVE)""]","Alik Tarraf, Marina Tarraf","[""https://aliktarraf.com/#alik-tarraf"", ""https://aliktarraf.com/#marina-tarraf""]","QT6FG2634834","PT5M28.72S","328720","https://aliktarraf.com/#tarraf-productions-live-vol-ii-digital-release","Tarraf Productions Live, Vol. II: The Fire","Alik Tarraf, Marina Tarraf","882197185506","2026-08-21","Published","4","TARRAF PRODUCTIONS","","[""https://music.apple.com/ua/album/noise-silence-live/6793955748?i=6793955755""]"
"https://aliktarraf.com/#tarraf-productions-live-vol-ii-track-05","Arabica Overture","[""Arabica Overture (LIVE)""]","Alik Tarraf, Marina Tarraf","[""https://aliktarraf.com/#alik-tarraf"", ""https://aliktarraf.com/#marina-tarraf""]","QT6FG2634835","PT2M46.96S","166960","https://aliktarraf.com/#tarraf-productions-live-vol-ii-digital-release","Tarraf Productions Live, Vol. II: The Fire","Alik Tarraf, Marina Tarraf","882197185506","2026-08-21","Published","5","TARRAF PRODUCTIONS","","[""https://music.apple.com/ua/album/arabica-overture-live/6793955748?i=6793955756""]"
"https://aliktarraf.com/#tarraf-productions-live-vol-ii-track-06","الليلة مجنونة","[""الليلة مجنونة (LIVE)""]","Alik Tarraf, Marina Tarraf","[""https://aliktarraf.com/#alik-tarraf"", ""https://aliktarraf.com/#marina-tarraf""]","QT6FG2634836","PT3M4.4S","184400","https://aliktarraf.com/#tarraf-productions-live-vol-ii-digital-release","Tarraf Productions Live, Vol. II: The Fire","Alik Tarraf, Marina Tarraf","882197185506","2026-08-21","Published","6","TARRAF PRODUCTIONS","","[""https://music.apple.com/ua/album/%D8%A7%D9%84%D9%84%D9%8A%D9%84%D8%A9-%D9%85%D8%AC%D9%86%D9%88%D9%86%D8%A9-live/6793955748?i=6793955757""]"
"https://aliktarraf.com/#tarraf-productions-live-vol-ii-track-07","Banina Banina Yalla Tarraf","[""Banina Banina Yalla Tarraf (LIVE)""]","Alik Tarraf, Marina Tarraf","[""https://aliktarraf.com/#alik-tarraf"", ""https://aliktarraf.com/#marina-tarraf""]","QT6FG2634837","PT3M49.56S","229560","https://aliktarraf.com/#tarraf-productions-live-vol-ii-digital-release","Tarraf Productions Live, Vol. II: The Fire","Alik Tarraf, Marina Tarraf","882197185506","2026-08-21","Published","7","TARRAF PRODUCTIONS","","[""https://music.apple.com/ua/album/banina-banina-yalla-tarraf-live/6793955748?i=6793955758""]"
"https://aliktarraf.com/#tarraf-productions-live-vol-ii-track-08","Release Me","[""Release Me (LIVE)""]","Alik Tarraf, Marina Tarraf","[""https://aliktarraf.com/#alik-tarraf"", ""https://aliktarraf.com/#marina-tarraf""]","QT6FG2634838","PT4M49.4S","289400","https://aliktarraf.com/#tarraf-productions-live-vol-ii-digital-release","Tarraf Productions Live, Vol. II: The Fire","Alik Tarraf, Marina Tarraf","882197185506","2026-08-21","Published","8","TARRAF PRODUCTIONS","","[""https://music.apple.com/ua/album/release-me-live/6793955748?i=6793955759""]"
"https://aliktarraf.com/#tarraf-productions-live-vol-ii-track-09","Hello","[""Hello (LIVE)""]","Alik Tarraf, Marina Tarraf","[""https://aliktarraf.com/#alik-tarraf"", ""https://aliktarraf.com/#marina-tarraf""]","QT6FG2634839","PT4M32.059S","272059","https://aliktarraf.com/#tarraf-productions-live-vol-ii-digital-release","Tarraf Productions Live, Vol. II: The Fire","Alik Tarraf, Marina Tarraf","882197185506","2026-08-21","Published","9","TARRAF PRODUCTIONS","","[""https://music.apple.com/ua/album/hello-live/6793955748?i=6793955760""]"
"https://aliktarraf.com/#tarraf-productions-live-vol-ii-track-10","Syria - سوريا","[""Syria - سوريا (LIVE)""]","Alik Tarraf, Marina Tarraf","[""https://aliktarraf.com/#alik-tarraf"", ""https://aliktarraf.com/#marina-tarraf""]","QT6FG2634840","PT4M40.72S","280720","https://aliktarraf.com/#tarraf-productions-live-vol-ii-digital-release","Tarraf Productions Live, Vol. II: The Fire","Alik Tarraf, Marina Tarraf","882197185506","2026-08-21","Published","10","TARRAF PRODUCTIONS","","[""https://music.apple.com/ua/album/syria-%D8%B3%D9%88%D8%B1%D9%8A%D8%A7-live/6793955748?i=6793955971""]"
"https://aliktarraf.com/#tarraf-productions-live-vol-ii-track-11","Animals","[""Animals (LIVE)""]","Alik Tarraf, Marina Tarraf","[""https://aliktarraf.com/#alik-tarraf"", ""https://aliktarraf.com/#marina-tarraf""]","QT6FG2634841","PT5M53.96S","353960","https://aliktarraf.com/#tarraf-productions-live-vol-ii-digital-release","Tarraf Productions Live, Vol. II: The Fire","Alik Tarraf, Marina Tarraf","882197185506","2026-08-21","Published","11","TARRAF PRODUCTIONS","","[""https://music.apple.com/ua/album/animals-live/6793955748?i=6793955973""]"
"https://aliktarraf.com/#tarraf-productions-live-vol-ii-track-12","Marina Birthday Celebration","[""Marina Birthday Celebration (LIVE)""]","Alik Tarraf, Marina Tarraf","[""https://aliktarraf.com/#alik-tarraf"", ""https://aliktarraf.com/#marina-tarraf""]","QT6FG2634842","PT2M42.64S","162640","https://aliktarraf.com/#tarraf-productions-live-vol-ii-digital-release","Tarraf Productions Live, Vol. II: The Fire","Alik Tarraf, Marina Tarraf","882197185506","2026-08-21","Published","12","TARRAF PRODUCTIONS","","[""https://music.apple.com/ua/album/marina-birthday-celebration-live/6793955748?i=6793955974""]"
"https://aliktarraf.com/#tarraf-productions-live-vol-ii-track-13","Ну Нина","[""Ну Нина (LIVE)""]","Alik Tarraf, Marina Tarraf","[""https://aliktarraf.com/#alik-tarraf"", ""https://aliktarraf.com/#marina-tarraf""]","QT6FG2634843","PT3M5.6S","185600","https://aliktarraf.com/#tarraf-productions-live-vol-ii-digital-release","Tarraf Productions Live, Vol. II: The Fire","Alik Tarraf, Marina Tarraf","882197185506","2026-08-21","Published","13","TARRAF PRODUCTIONS","","[""https://music.apple.com/ua/album/%D0%BD%D1%83-%D0%BD%D0%B8%D0%BD%D0%B0-live/6793955748?i=6793955975""]"
"https://aliktarraf.com/#tarraf-productions-live-vol-ii-track-14","Ave Lumen Aeternum","[""Ave Lumen Aeternum (LIVE)""]","Alik Tarraf, Marina Tarraf","[""https://aliktarraf.com/#alik-tarraf"", ""https://aliktarraf.com/#marina-tarraf""]","QT6FG2634844","PT4M48.72S","288720","https://aliktarraf.com/#tarraf-productions-live-vol-ii-digital-release","Tarraf Productions Live, Vol. II: The Fire","Alik Tarraf, Marina Tarraf","882197185506","2026-08-21","Published","14","TARRAF PRODUCTIONS","","[""https://music.apple.com/ua/album/ave-lumen-aeternum-live/6793955748?i=6793955976""]"
"https://aliktarraf.com/#tarraf-productions-live-vol-ii-track-15","Ad Vinculum","[""Ad Vinculum (LIVE)""]","Alik Tarraf, Marina Tarraf","[""https://aliktarraf.com/#alik-tarraf"", ""https://aliktarraf.com/#marina-tarraf""]","QT6FG2634845","PT4M32.16S","272160","https://aliktarraf.com/#tarraf-productions-live-vol-ii-digital-release","Tarraf Productions Live, Vol. II: The Fire","Alik Tarraf, Marina Tarraf","882197185506","2026-08-21","Published","15","TARRAF PRODUCTIONS","","[""https://music.apple.com/ua/album/ad-vinculum-live/6793955748?i=6793955977""]"
"https://aliktarraf.com/#tarraf-productions-live-vol-ii-track-16","Dubai Lights","[""Dubai Lights (LIVE)""]","Alik Tarraf, Marina Tarraf","[""https://aliktarraf.com/#alik-tarraf"", ""https://aliktarraf.com/#marina-tarraf""]","QT6FG2634846","PT4M39.92S","279920","https://aliktarraf.com/#tarraf-productions-live-vol-ii-digital-release","Tarraf Productions Live, Vol. II: The Fire","Alik Tarraf, Marina Tarraf","882197185506","2026-08-21","Published","16","TARRAF PRODUCTIONS","","[""https://music.apple.com/ua/album/dubai-lights-live/6793955748?i=6793955978""]"
"https://aliktarraf.com/#tarraf-productions-live-vol-ii-track-17","Good and Evil","[""Good and Evil (LIVE)""]","Alik Tarraf, Marina Tarraf","[""https://aliktarraf.com/#alik-tarraf"", ""https://aliktarraf.com/#marina-tarraf""]","QT6FG2634847","PT5M33.32S","333320","https://aliktarraf.com/#tarraf-productions-live-vol-ii-digital-release","Tarraf Productions Live, Vol. II: The Fire","Alik Tarraf, Marina Tarraf","882197185506","2026-08-21","Published","17","TARRAF PRODUCTIONS","","[""https://music.apple.com/ua/album/good-and-evil-live/6793955748?i=6793955979""]"
"https://aliktarraf.com/#tarraf-productions-live-vol-ii-track-18","Alik Guitar Improvisation","[""Alik Guitar Improvisation (LIVE)""]","Alik Tarraf, Marina Tarraf","[""https://aliktarraf.com/#alik-tarraf"", ""https://aliktarraf.com/#marina-tarraf""]","QT6FG2634848","PT2M25S","145000","https://aliktarraf.com/#tarraf-productions-live-vol-ii-digital-release","Tarraf Productions Live, Vol. II: The Fire","Alik Tarraf, Marina Tarraf","882197185506","2026-08-21","Published","18","TARRAF PRODUCTIONS","","[""https://music.apple.com/ua/album/alik-guitar-improvisation-live/6793955748?i=6793955980""]"
"https://aliktarraf.com/#tarraf-productions-live-vol-ii-track-19","The End","[""The End (LIVE)""]","Alik Tarraf, Marina Tarraf","[""https://aliktarraf.com/#alik-tarraf"", ""https://aliktarraf.com/#marina-tarraf""]","QT6FG2634849","PT4M53.32S","293320","https://aliktarraf.com/#tarraf-productions-live-vol-ii-digital-release","Tarraf Productions Live, Vol. II: The Fire","Alik Tarraf, Marina Tarraf","882197185506","2026-08-21","Published","19","TARRAF PRODUCTIONS","","[""https://music.apple.com/ua/album/the-end-live/6793955748?i=6793955981""]"
"https://aliktarraf.com/#tarraf-productions-live-vol-ii-track-20","I'm Alive Prelude","[""I'm Alive Prelude (LIVE)""]","Alik Tarraf, Marina Tarraf","[""https://aliktarraf.com/#alik-tarraf"", ""https://aliktarraf.com/#marina-tarraf""]","QT6FG2634850","PT3M12S","192000","https://aliktarraf.com/#tarraf-productions-live-vol-ii-digital-release","Tarraf Productions Live, Vol. II: The Fire","Alik Tarraf, Marina Tarraf","882197185506","2026-08-21","Published","20","TARRAF PRODUCTIONS","","[""https://music.apple.com/ua/album/im-alive-prelude-live/6793955748?i=6793955982""]"
"https://aliktarraf.com/#tarraf-productions-live-vol-ii-track-21","I'm Alive","[""I'm Alive (LIVE)""]","Alik Tarraf, Marina Tarraf","[""https://aliktarraf.com/#alik-tarraf"", ""https://aliktarraf.com/#marina-tarraf""]","QT6FG2634851","PT5M18.32S","318320","https://aliktarraf.com/#tarraf-productions-live-vol-ii-digital-release","Tarraf Productions Live, Vol. II: The Fire","Alik Tarraf, Marina Tarraf","882197185506","2026-08-21","Published","21","TARRAF PRODUCTIONS","","[""https://music.apple.com/ua/album/im-alive-live/6793955748?i=6793955983""]"
"https://aliktarraf.com/#tarraf-productions-live-vol-ii-track-22","Ignis in Me","[""Ignis in Me (LIVE)""]","Alik Tarraf, Marina Tarraf","[""https://aliktarraf.com/#alik-tarraf"", ""https://aliktarraf.com/#marina-tarraf""]","QT6FG2634852","PT5M2.12S","302120","https://aliktarraf.com/#tarraf-productions-live-vol-ii-digital-release","Tarraf Productions Live, Vol. II: The Fire","Alik Tarraf, Marina Tarraf","882197185506","2026-08-21","Published","22","TARRAF PRODUCTIONS","","[""https://music.apple.com/ua/album/ignis-in-me-live/6793955748?i=6793955984""]"
"https://aliktarraf.com/#tarraf-productions-live-vol-ii-track-23","Dream of Light","[""Dream of Light (LIVE)""]","Alik Tarraf, Marina Tarraf","[""https://aliktarraf.com/#alik-tarraf"", ""https://aliktarraf.com/#marina-tarraf""]","QT6FG2634853","PT6M3.52S","363520","https://aliktarraf.com/#tarraf-productions-live-vol-ii-digital-release","Tarraf Productions Live, Vol. II: The Fire","Alik Tarraf, Marina Tarraf","882197185506","2026-08-21","Published","23","TARRAF PRODUCTIONS","","[""https://music.apple.com/ua/album/dream-of-light-live/6793955748?i=6793955985""]"
"https://aliktarraf.com/#tarraf-productions-live-vol-iii-track-01","Welcome to the TARRAF UNIVERSE","[""Welcome to the TARRAF UNIVERSE (LIVE)""]","Alik Tarraf, Marina Tarraf, TARRAF EPIC CHOIR","[""https://aliktarraf.com/#alik-tarraf"", ""https://aliktarraf.com/#marina-tarraf"", ""https://aliktarraf.com/#tarraf-epic-choir""]","QT6FK2691061","PT1M39S","99000","https://aliktarraf.com/#tarraf-productions-live-vol-iii-digital-release","Tarraf Productions Live, Vol. III: The Encore","Alik Tarraf, Marina Tarraf, TARRAF EPIC CHOIR","882321270177","2026-09-25","Scheduled for release","1","TARRAF PRODUCTIONS","","[]"
"https://aliktarraf.com/#tarraf-productions-live-vol-iii-track-02","Бумеранг","[""Бумеранг (LIVE)""]","Alik Tarraf, Marina Tarraf, TARRAF EPIC CHOIR","[""https://aliktarraf.com/#alik-tarraf"", ""https://aliktarraf.com/#marina-tarraf"", ""https://aliktarraf.com/#tarraf-epic-choir""]","QT6FK2691062","PT5M5S","305000","https://aliktarraf.com/#tarraf-productions-live-vol-iii-digital-release","Tarraf Productions Live, Vol. III: The Encore","Alik Tarraf, Marina Tarraf, TARRAF EPIC CHOIR","882321270177","2026-09-25","Scheduled for release","2","TARRAF PRODUCTIONS","","[]"
"https://aliktarraf.com/#tarraf-productions-live-vol-iii-track-03","STAY","[""STAY (LIVE)""]","Alik Tarraf, Marina Tarraf, TARRAF EPIC CHOIR","[""https://aliktarraf.com/#alik-tarraf"", ""https://aliktarraf.com/#marina-tarraf"", ""https://aliktarraf.com/#tarraf-epic-choir""]","QT6FK2691063","PT5M27S","327000","https://aliktarraf.com/#tarraf-productions-live-vol-iii-digital-release","Tarraf Productions Live, Vol. III: The Encore","Alik Tarraf, Marina Tarraf, TARRAF EPIC CHOIR","882321270177","2026-09-25","Scheduled for release","3","TARRAF PRODUCTIONS","","[]"
"https://aliktarraf.com/#catalog-trk-0260","Still Yours (LIVE)","[]","Alik Tarraf & Marina Tarraf","[""https://aliktarraf.com/#alik-tarraf"", ""https://aliktarraf.com/#marina-tarraf""]","QT3FE2691958","PT5M23.8S","323800","https://aliktarraf.com/#tarraf-productions-live-vol-iii-digital-release","Tarraf Productions Live, Vol. III: The Encore","Alik Tarraf, Marina Tarraf, TARRAF EPIC CHOIR","882321270177","2026-09-25","Scheduled for release","4","TARRAF PRODUCTIONS","","[""https://music.apple.com/ae/album/6779852581"", ""https://music.apple.com/ua/album/still-yours-live/6779852581?i=6779852584""]"
"https://aliktarraf.com/#tarraf-productions-live-vol-iii-track-05","ТЕНИ","[""ТЕНИ (LIVE)""]","Alik Tarraf, Marina Tarraf, TARRAF EPIC CHOIR","[""https://aliktarraf.com/#alik-tarraf"", ""https://aliktarraf.com/#marina-tarraf"", ""https://aliktarraf.com/#tarraf-epic-choir""]","QT6FK2691064","PT3M28S","208000","https://aliktarraf.com/#tarraf-productions-live-vol-iii-digital-release","Tarraf Productions Live, Vol. III: The Encore","Alik Tarraf, Marina Tarraf, TARRAF EPIC CHOIR","882321270177","2026-09-25","Scheduled for release","5","TARRAF PRODUCTIONS","","[]"
"https://aliktarraf.com/#tarraf-productions-live-vol-iii-track-06","ASH and NEON","[""ASH and NEON (LIVE)""]","Alik Tarraf, Marina Tarraf, TARRAF EPIC CHOIR","[""https://aliktarraf.com/#alik-tarraf"", ""https://aliktarraf.com/#marina-tarraf"", ""https://aliktarraf.com/#tarraf-epic-choir""]","QT6FK2691065","PT6M46S","406000","https://aliktarraf.com/#tarraf-productions-live-vol-iii-digital-release","Tarraf Productions Live, Vol. III: The Encore","Alik Tarraf, Marina Tarraf, TARRAF EPIC CHOIR","882321270177","2026-09-25","Scheduled for release","6","TARRAF PRODUCTIONS","","[]"
"https://aliktarraf.com/#tarraf-productions-live-vol-iii-track-07","МОЛОДОСТЬ","[""МОЛОДОСТЬ (LIVE)""]","Alik Tarraf, Marina Tarraf, TARRAF EPIC CHOIR","[""https://aliktarraf.com/#alik-tarraf"", ""https://aliktarraf.com/#marina-tarraf"", ""https://aliktarraf.com/#tarraf-epic-choir""]","QT6FK2691066","PT5M28S","328000","https://aliktarraf.com/#tarraf-productions-live-vol-iii-digital-release","Tarraf Productions Live, Vol. III: The Encore","Alik Tarraf, Marina Tarraf, TARRAF EPIC CHOIR","882321270177","2026-09-25","Scheduled for release","7","TARRAF PRODUCTIONS","","[]"
"https://aliktarraf.com/#tarraf-productions-live-vol-iii-track-08","FORGET ME","[""FORGET ME (LIVE)""]","Alik Tarraf, Marina Tarraf, TARRAF EPIC CHOIR","[""https://aliktarraf.com/#alik-tarraf"", ""https://aliktarraf.com/#marina-tarraf"", ""https://aliktarraf.com/#tarraf-epic-choir""]","QT6FK2691067","PT5M24S","324000","https://aliktarraf.com/#tarraf-productions-live-vol-iii-digital-release","Tarraf Productions Live, Vol. III: The Encore","Alik Tarraf, Marina Tarraf, TARRAF EPIC CHOIR","882321270177","2026-09-25","Scheduled for release","8","TARRAF PRODUCTIONS","","[]"
"https://aliktarraf.com/#tarraf-productions-live-vol-iii-track-09","ПРОЩАЙ","[""ПРОЩАЙ (LIVE)""]","Alik Tarraf, Marina Tarraf, TARRAF EPIC CHOIR","[""https://aliktarraf.com/#alik-tarraf"", ""https://aliktarraf.com/#marina-tarraf"", ""https://aliktarraf.com/#tarraf-epic-choir""]","QT6FK2691068","PT4M49S","289000","https://aliktarraf.com/#tarraf-productions-live-vol-iii-digital-release","Tarraf Productions Live, Vol. III: The Encore","Alik Tarraf, Marina Tarraf, TARRAF EPIC CHOIR","882321270177","2026-09-25","Scheduled for release","9","TARRAF PRODUCTIONS","","[]"
"https://aliktarraf.com/#tarraf-productions-live-vol-iii-track-10","OBARABO BODY RITUALS","[""OBARABO BODY RITUALS (LIVE)""]","Alik Tarraf, Marina Tarraf, TARRAF EPIC CHOIR","[""https://aliktarraf.com/#alik-tarraf"", ""https://aliktarraf.com/#marina-tarraf"", ""https://aliktarraf.com/#tarraf-epic-choir""]","QT6FK2691069","PT3M4S","184000","https://aliktarraf.com/#tarraf-productions-live-vol-iii-digital-release","Tarraf Productions Live, Vol. III: The Encore","Alik Tarraf, Marina Tarraf, TARRAF EPIC CHOIR","882321270177","2026-09-25","Scheduled for release","10","TARRAF PRODUCTIONS","","[]"
"https://aliktarraf.com/#tarraf-productions-live-vol-iii-track-11","Сила Любви","[""Сила Любви (LIVE)""]","Alik Tarraf, Marina Tarraf, TARRAF EPIC CHOIR","[""https://aliktarraf.com/#alik-tarraf"", ""https://aliktarraf.com/#marina-tarraf"", ""https://aliktarraf.com/#tarraf-epic-choir""]","QT6FK2691070","PT5M35S","335000","https://aliktarraf.com/#tarraf-productions-live-vol-iii-digital-release","Tarraf Productions Live, Vol. III: The Encore","Alik Tarraf, Marina Tarraf, TARRAF EPIC CHOIR","882321270177","2026-09-25","Scheduled for release","11","TARRAF PRODUCTIONS","","[]"
"https://aliktarraf.com/#tarraf-productions-live-vol-iii-track-12","Evolution is Alive","[""Evolution is Alive (LIVE)""]","Alik Tarraf, Marina Tarraf, TARRAF EPIC CHOIR","[""https://aliktarraf.com/#alik-tarraf"", ""https://aliktarraf.com/#marina-tarraf"", ""https://aliktarraf.com/#tarraf-epic-choir""]","QT6FK2691071","PT1M7S","67000","https://aliktarraf.com/#tarraf-productions-live-vol-iii-digital-release","Tarraf Productions Live, Vol. III: The Encore","Alik Tarraf, Marina Tarraf, TARRAF EPIC CHOIR","882321270177","2026-09-25","Scheduled for release","12","TARRAF PRODUCTIONS","","[]"
"https://aliktarraf.com/#tarraf-productions-live-vol-iii-track-13","HELAH","[""HELAH (LIVE)""]","Alik Tarraf, Marina Tarraf, TARRAF EPIC CHOIR","[""https://aliktarraf.com/#alik-tarraf"", ""https://aliktarraf.com/#marina-tarraf"", ""https://aliktarraf.com/#tarraf-epic-choir""]","QT6FK2691072","PT4M46S","286000","https://aliktarraf.com/#tarraf-productions-live-vol-iii-digital-release","Tarraf Productions Live, Vol. III: The Encore","Alik Tarraf, Marina Tarraf, TARRAF EPIC CHOIR","882321270177","2026-09-25","Scheduled for release","13","TARRAF PRODUCTIONS","","[]"
"https://aliktarraf.com/#tarraf-productions-live-vol-iii-track-14","Пока мы живы","[""Пока мы живы (LIVE)""]","Alik Tarraf, Marina Tarraf, TARRAF EPIC CHOIR","[""https://aliktarraf.com/#alik-tarraf"", ""https://aliktarraf.com/#marina-tarraf"", ""https://aliktarraf.com/#tarraf-epic-choir""]","QT6FK2691073","PT4M21S","261000","https://aliktarraf.com/#tarraf-productions-live-vol-iii-digital-release","Tarraf Productions Live, Vol. III: The Encore","Alik Tarraf, Marina Tarraf, TARRAF EPIC CHOIR","882321270177","2026-09-25","Scheduled for release","14","TARRAF PRODUCTIONS","","[]"
"https://aliktarraf.com/#tarraf-productions-live-vol-iii-track-15","Aureum Orchestra","[""Aureum Orchestra (LIVE)""]","Alik Tarraf, Marina Tarraf, TARRAF EPIC CHOIR","[""https://aliktarraf.com/#alik-tarraf"", ""https://aliktarraf.com/#marina-tarraf"", ""https://aliktarraf.com/#tarraf-epic-choir""]","QT6FK2691074","PT3M23S","203000","https://aliktarraf.com/#tarraf-productions-live-vol-iii-digital-release","Tarraf Productions Live, Vol. III: The Encore","Alik Tarraf, Marina Tarraf, TARRAF EPIC CHOIR","882321270177","2026-09-25","Scheduled for release","15","TARRAF PRODUCTIONS","","[]"
"https://aliktarraf.com/#tarraf-productions-live-vol-iii-track-16","НАЗАР","[""НАЗАР (LIVE)""]","Alik Tarraf, Marina Tarraf, TARRAF EPIC CHOIR","[""https://aliktarraf.com/#alik-tarraf"", ""https://aliktarraf.com/#marina-tarraf"", ""https://aliktarraf.com/#tarraf-epic-choir""]","QT6FK2691075","PT5M3S","303000","https://aliktarraf.com/#tarraf-productions-live-vol-iii-digital-release","Tarraf Productions Live, Vol. III: The Encore","Alik Tarraf, Marina Tarraf, TARRAF EPIC CHOIR","882321270177","2026-09-25","Scheduled for release","16","TARRAF PRODUCTIONS","","[]"
"https://aliktarraf.com/#tarraf-productions-live-vol-iii-track-17","Запретный Вкус","[""Запретный Вкус (LIVE)""]","Alik Tarraf, Marina Tarraf, TARRAF EPIC CHOIR","[""https://aliktarraf.com/#alik-tarraf"", ""https://aliktarraf.com/#marina-tarraf"", ""https://aliktarraf.com/#tarraf-epic-choir""]","QT6FK2691076","PT3M51S","231000","https://aliktarraf.com/#tarraf-productions-live-vol-iii-digital-release","Tarraf Productions Live, Vol. III: The Encore","Alik Tarraf, Marina Tarraf, TARRAF EPIC CHOIR","882321270177","2026-09-25","Scheduled for release","17","TARRAF PRODUCTIONS","","[]"
"https://aliktarraf.com/#tarraf-productions-live-vol-iii-track-18","New World","[""New World (LIVE)""]","Alik Tarraf, Marina Tarraf, TARRAF EPIC CHOIR","[""https://aliktarraf.com/#alik-tarraf"", ""https://aliktarraf.com/#marina-tarraf"", ""https://aliktarraf.com/#tarraf-epic-choir""]","QT6FK2691077","PT5M36S","336000","https://aliktarraf.com/#tarraf-productions-live-vol-iii-digital-release","Tarraf Productions Live, Vol. III: The Encore","Alik Tarraf, Marina Tarraf, TARRAF EPIC CHOIR","882321270177","2026-09-25","Scheduled for release","18","TARRAF PRODUCTIONS","","[]"
"https://aliktarraf.com/#tarraf-productions-live-vol-iii-track-19","Thank You, Fujairah","[""Thank You, Fujairah (LIVE)""]","Alik Tarraf, Marina Tarraf, TARRAF EPIC CHOIR","[""https://aliktarraf.com/#alik-tarraf"", ""https://aliktarraf.com/#marina-tarraf"", ""https://aliktarraf.com/#tarraf-epic-choir""]","QT6FK2691078","PT3M35S","215000","https://aliktarraf.com/#tarraf-productions-live-vol-iii-digital-release","Tarraf Productions Live, Vol. III: The Encore","Alik Tarraf, Marina Tarraf, TARRAF EPIC CHOIR","882321270177","2026-09-25","Scheduled for release","19","TARRAF PRODUCTIONS","","[]"
